"site_id","monitoring","monitoring_id","lake","site","LID","lat","lon","site_size","DHT","date_time","weather","lake_water_clarity_m","sediment_sample","macrophyte_sample","notes","Bottom_visible","Distance_5m","Distance_20m","Riparian_vegetation","Riparian_species","Overhanging_trees","Erosion","Structure","Bedrock","Boulders","Cobble","Gravel","Sand","Mud","Organic_matter","Vegetation_nearby","Vegetation_species","Wood_cover","Temperature","DO_mgl","DO_percent","Conductivity","Specific_conductivity","pH","pH1","Emergent_Native","Emergent_Non_Native","Submerged_Non_Native","Turf_Native","Shape.1","Distance_to_shore.1","Length.1","Width.1","Area.1","Weight.1","Depth_on_R.1","Depth_on_L.1","Height_above.1","Depth_after.1","Volume.1","Sedimentation.1","Accumulation_of_weeds.1","Shape.2","Distance_to_shore.2","Length.2","Width.2","Area.2","Weight.2","Depth_on_R.2","Depth_on_L.2","Height_above.2","Depth_after.2","Volume.2","Sedimentation.2","Accumulation_of_weeds.2","Shape.3","Distance_to_shore.3","Length.3","Width.3","Area.3","Weight.3","Depth_on_R.3","Depth_on_L.3","Height_above.3","Depth_after.3","Volume.3","Sedimentation.3","Accumulation_of_weeds.3","Total_Individuals_Bullies","Total_Individuals_Common_smelt","Total_Individuals_Goldfish","Total_Individuals_Kōura","Total_Individuals_Eel","Total_Individuals_Kōaro","Total_Individuals_Catfish","Total_Individuals_Trout","Total_Individuals_Mosquitofish","Weighted_CPUE_Bullies","Weighted_CPUE_Common_smelt","Weighted_CPUE_Goldfish","Weighted_CPUE_Kōura","Weighted_CPUE_Eel","Weighted_CPUE_Kōaro","Weighted_CPUE_Catfish","Weighted_CPUE_Trout","Weighted_CPUE_Mosquitofish","Weighted_BPUE_Bullies","Weighted_BPUE_Common_smelt","Weighted_BPUE_Goldfish","Weighted_BPUE_Kōura","Weighted_BPUE_Eel","Weighted_BPUE_Kōaro","Weighted_BPUE_Catfish","Weighted_BPUE_Trout","Weighted_BPUE_Mosquitofish","Total_Weight_Bullies","Total_Weight_Common_smelt","Total_Weight_Goldfish","Total_Weight_Kōura","Total_Weight_Eel","Total_Weight_Kōaro","Total_Weight_Catfish","Total_Weight_Trout","Total_Weight_Mosquitofish","Mean_Length_Bullies","Mean_Length_Common_smelt","Mean_Length_Goldfish","Mean_Length_Kōura","Mean_Length_Eel","Mean_Length_Kōaro","Mean_Length_Catfish","Mean_Length_Trout","Mean_Length_Mosquitofish","Mean_Weight_Bullies","Mean_Weight_Common_smelt","Mean_Weight_Goldfish","Mean_Weight_Kōura","Mean_Weight_Eel","Mean_Weight_Kōaro","Mean_Weight_Catfish","Mean_Weight_Trout","Mean_Weight_Mosquitofish","Weighted_CPUE_numerator_Bullies","Weighted_CPUE_numerator_Common_smelt","Weighted_CPUE_numerator_Goldfish","Weighted_CPUE_numerator_Kōura","Weighted_CPUE_numerator_Eel","Weighted_CPUE_numerator_Kōaro","Weighted_CPUE_numerator_Catfish","Weighted_CPUE_numerator_Trout","Weighted_CPUE_numerator_Mosquitofish","Weighted_BPUE_numerator_Bullies","Weighted_BPUE_numerator_Common_smelt","Weighted_BPUE_numerator_Goldfish","Weighted_BPUE_numerator_Kōura","Weighted_BPUE_numerator_Eel","Weighted_BPUE_numerator_Kōaro","Weighted_BPUE_numerator_Catfish","Weighted_BPUE_numerator_Trout","Weighted_BPUE_numerator_Mosquitofish","Total_Effort_sum_Bullies","Total_Effort_sum_Common_smelt","Total_Effort_sum_Goldfish","Total_Effort_sum_Kōura","Total_Effort_sum_Eel","Total_Effort_sum_Kōaro","Total_Effort_sum_Catfish","Total_Effort_sum_Trout","Total_Effort_sum_Mosquitofish","Min_Length_Bullies","Min_Length_Common_smelt","Min_Length_Goldfish","Min_Length_Kōura","Min_Length_Eel","Min_Length_Kōaro","Min_Length_Catfish","Min_Length_Trout","Min_Length_Mosquitofish","Max_Length_Bullies","Max_Length_Common_smelt","Max_Length_Goldfish","Max_Length_Kōura","Max_Length_Eel","Max_Length_Kōaro","Max_Length_Catfish","Max_Length_Trout","Max_Length_Mosquitofish","Min_Weight_Bullies","Min_Weight_Common_smelt","Min_Weight_Goldfish","Min_Weight_Kōura","Min_Weight_Eel","Min_Weight_Kōaro","Min_Weight_Catfish","Min_Weight_Trout","Min_Weight_Mosquitofish","Max_Weight_Bullies","Max_Weight_Common_smelt","Max_Weight_Goldfish","Max_Weight_Kōura","Max_Weight_Eel","Max_Weight_Kōaro","Max_Weight_Catfish","Max_Weight_Trout","Max_Weight_Mosquitofish","Richness","Abundance","Presence_Bullies","Presence_Eel","Presence_Goldfish","Presence_Common_smelt","Presence_Kōaro","Presence_Kōura","Presence_Mosquitofish","Presence_Catfish","Presence_Trout","Predator_Fish_Presence","Dragonfly larvae Small","Caddisfly larvae","Diving beatle","Invertebrates_Richness","Invertebrates_Abundance","Presence_rocks","Period","Date","Time","Year","Month","Day","Season","Date_Time_Numeric","Monitoring_label","Depth_5m","Depth_20m","Slope_0_5m","Slope_0_20m","Habitat_Type","Substrate_index_before","monitoring_int","pair_id","koura_present","Site_type_detail","Substrate_index_after","lunar_phase","lunar_illumination","lunar_name","habitable_depth_m","hypoxia_top_m","surface_temp_C","full_column","monitoring_quality"
"1",0,"1_0","Rotoiti","Stone_pile",54730,-38.0526673079263,176.47144524762,150,"Rocky",2025-02-04 03:00:00,"Sunny",3.5,1,1,NA,"1","82.9889020904982","164.45001973472199",0,NA,10,100,0,0,30,30,10,30,0,0,0,NA,0,26,11.89,146.5,159.5,156.219392752204,8.12,NA,0,0,0,0,"Round","1600","2500","2200","5.5","1013.3333333333334","420","450","170","580","1.1733333333333336","295","0","Round","2100","2400","2200","5.28","1013.3333333333334","480","440","120","570","1.2056","295.75","0","Round","3000","2400","2500","6","1013.3333333333334","530","500","190","620","1.46","383.25","0",2,19,6,2,1,4,0,0,0,0.5,4.75,1.5,0.5,0.25,1,0,0,0,755.25,6.25,54.75,12.25,0,5.25,0,0,0,3021,25,219,49,0,21,NA,NA,NA,NA,NA,117,30.85,600,77,NA,NA,NA,377.625,25,36.5,24.5,NA,5.25,NA,NA,NA,2,19,6,2,1,4,NA,NA,NA,3021,25,219,49,0,21,NA,NA,NA,4,4,4,4,4,4,NA,NA,NA,NA,NA,80,21.7,600,73,NA,NA,NA,NA,NA,204,40,600,85,NA,NA,NA,45,25,6,5,NA,3,NA,NA,NA,574,25,60,44,NA,6,NA,NA,NA,6,13,1,1,1,1,1,1,0,0,0,1,NA,NA,NA,NA,NA,1,"Before",2025-02-03,"03:00:00",2025,"Feb",4,"Summer",1738591200,"0 Pre/Summer",82.9889020904982,164.450019734722,0.0602490197369712,0.121617498327227,"Rocky",5.2,0,"1",1,"Stone_pile",5.2,1.15266503518005,0.29697327743526,"Waxing",13.3872413793103,13.1131034482759,22.1809913793103,FALSE,"complete"
"2",0,"2_0","Rotoiti","Control",54730,-38.0529135570371,176.470933127575,150,"Rocky",2025-02-04 03:30:00,"Sunny",3.5,1,1,"New rocks as retainig wall/ dead swan in site","1","105.445519540936","180.302636624781",70,"Flax",0,0,0,0,20,20,0,60,0,0,0,NA,0,25.8,11.54,141.7,159.1,156.47128245476,9.08,NA,0,0,0,0,NA,NA,NA,NA,NA,NA,NA,NA,NA,NA,NA,NA,NA,NA,NA,NA,NA,NA,NA,NA,NA,NA,NA,NA,NA,NA,NA,NA,NA,NA,NA,NA,NA,NA,NA,NA,NA,NA,NA,2,14,3,2,0,7,0,0,0,0.5,3.5,0.75,0.5,0,1.75,0,0,0,515.25,2.75,20.25,7.25,0,8.75,0,0,0,2061,11,81,29,NA,35,NA,NA,NA,NA,NA,101,22.305,NA,97,NA,NA,NA,412.2,11,27,14.5,NA,5.83333333333333,NA,NA,NA,2,14,3,2,NA,7,NA,NA,NA,2061,11,81,29,NA,35,NA,NA,NA,4,4,4,4,NA,4,NA,NA,NA,NA,NA,91,12.13,NA,78,NA,NA,NA,NA,NA,112,32.48,NA,175,NA,NA,NA,222,11,22,1,NA,4,NA,NA,NA,527,11,33,28,NA,8,NA,NA,NA,5,12,1,0,1,1,1,1,0,0,0,0,2,0,0,1,2,1,"Before",2025-02-03,"03:30:00",2025,"Feb",4,"Summer",1738593000,"0 Pre/Summer",105.445519540936,180.302636624781,0.047417851623927,0.110924611943535,"Rocky",4.4,0,"1",1,"Control",4.4,1.15266503518005,0.29697327743526,"Waxing",13.3872413793103,13.1131034482759,22.1809913793103,FALSE,"complete"
"3",0,"3_0","Rotoiti","Stone_pile",54730,-38.047698100528,176.341122568488,150,"Sandy",2025-02-04 12:50:00,"Sunny",3,1,1,"nets collepes first time","1","75.103042747696705","1429.22107248619",100,"grass",0,0,0,0,0,0,0,100,0,0,1,"Three-leaved milfoil",0,25.2,10.87,132.2,170.8,170.085640310695,8.82,NA,0,0,0,0,"Round","4700","2200","1900","4.18","660","360","345","85","365","0.68621666666666659","360","2","Round","5700","1500","1600","2.4","660","360","365","75","390","0.41599999999999998","343","0","Round","4200","1900","2000","3.8","660","330","330","75","380","0.61116666666666675","318.5","0",107,0,2,0,0,0,0,0,1,26.75,0,0.5,0,0,0,0,0,0.25,1074.5,0,92.5,0,0,0,0,0,0,4298,NA,370,NA,NA,NA,NA,NA,0,NA,NA,182.5,NA,NA,NA,NA,NA,NA,429.8,NA,185,NA,NA,NA,NA,NA,NA,107,NA,2,NA,NA,NA,NA,NA,1,4298,NA,370,NA,NA,NA,NA,NA,0,4,NA,4,NA,NA,NA,NA,NA,4,NA,NA,145,NA,NA,NA,NA,NA,NA,NA,NA,220,NA,NA,NA,NA,NA,NA,44,NA,86,NA,NA,NA,NA,NA,NA,589,NA,284,NA,NA,NA,NA,NA,NA,3,3,1,0,1,0,0,0,1,0,0,0,1,0,0,1,1,0,"Before",2025-02-03,"12:50:00",2025,"Feb",4,"Summer",1738626600,"0 Pre/Summer",75.1030427476967,1429.22107248619,0.0665751987811884,0.0139936363834947,"Sandy",3,0,"2",0,"Stone_pile",3,1.15266503518005,0.29697327743526,"Waxing",13.3872413793103,13.1131034482759,22.1809913793103,FALSE,"complete"
"4",0,"4_0","Rotoiti","Control",54730,-38.0480187161085,176.341484639114,150,"Sandy",2025-02-04 12:30:00,"Sunny",3,1,1,"nets collepes first time","1","73.106421389251906","1435.7027457702",80,"grass+flax",5,0,0,0,0,0,0,100,0,0,1,"Three-leaved milfoil",0,25.6,10.24,125.4,170.9,168.773454473632,8.51,NA,0,0,0,0,NA,NA,NA,NA,NA,NA,NA,NA,NA,NA,NA,NA,NA,NA,NA,NA,NA,NA,NA,NA,NA,NA,NA,NA,NA,NA,NA,NA,NA,NA,NA,NA,NA,NA,NA,NA,NA,NA,NA,105,1,1,0,0,0,0,0,0,26.25,0.25,0.25,0,0,0,0,0,0,551.75,0,0.25,0,0,0,0,0,0,2207,0,1,NA,NA,NA,NA,NA,NA,NA,NA,24,NA,NA,NA,NA,NA,NA,140.5625,NA,1,NA,NA,NA,NA,NA,NA,105,1,1,NA,NA,NA,NA,NA,NA,2207,0,1,NA,NA,NA,NA,NA,NA,4,4,4,NA,NA,NA,NA,NA,NA,NA,NA,24,NA,NA,NA,NA,NA,NA,NA,NA,24,NA,NA,NA,NA,NA,NA,6,NA,1,NA,NA,NA,NA,NA,NA,581,NA,1,NA,NA,NA,NA,NA,NA,3,1,1,0,1,1,0,0,0,0,0,0,12,0,0,1,12,0,"Before",2025-02-03,"12:30:00",2025,"Feb",4,"Summer",1738625400,"0 Pre/Summer",73.1064213892519,1435.7027457702,0.0683934448572954,0.0139304602285696,"Sandy",3,0,"2",0,"Control",3,1.15266503518005,0.29697327743526,"Waxing",13.3872413793103,13.1131034482759,22.1809913793103,FALSE,"complete"
"5",0,"5_0","Rotoiti","Stone_pile",54730,-38.0222760864304,176.348643537609,150,"Sandy",2025-02-04 11:30:00,"Sunny",3,1,1,NA,"1","267.55142706578999","1689.6854318227199",10,"Small trees",0,0,1,0,0,0,0,70,30,0,0,NA,0,24.2,9.25,110.4,172,174.938974776241,8.12,NA,0,30,10,0,"Round","3500","2300","1700","3.91","1233.3333333333333","450","430","135","420","0.7591916666666666","370.5","10","Round","3500","2300","1900","4.37","1233.3333333333333","500","490","230","505","0.92134166666666673","342.5","5","Round","3440","2300","1800","4.1399999999999997","1233.3333333333333","455","480","175","500","0.86939999999999995","346.75","0",109,1,5,2,0,0,1,0,0,27.25,0.25,1.25,0.5,0,0,0.25,0,0,545.5,0,88,27.5,0,0,0.75,0,0,2182,0,352,110,NA,NA,3,NA,NA,NA,NA,137.2,44.055,NA,NA,59,NA,NA,184.333333333333,NA,88,55,NA,NA,3,NA,NA,109,1,5,2,NA,NA,1,NA,NA,2182,0,352,110,NA,NA,3,NA,NA,4,4,4,4,NA,NA,4,NA,NA,NA,NA,86,41.11,NA,NA,59,NA,NA,NA,NA,185,47,NA,NA,59,NA,NA,6,NA,51,44,NA,NA,3,NA,NA,565,NA,154,66,NA,NA,3,NA,NA,5,8,1,0,1,1,0,1,0,1,0,1,NA,NA,NA,NA,NA,0,"Before",2025-02-03,"11:30:00",2025,"Feb",4,"Summer",1738621800,"0 Pre/Summer",267.55142706579,1689.68543182272,0.018687996004486,0.0118365227179744,"Sandy",2.4,0,"3",1,"Stone_pile",2.4,1.15266503518005,0.29697327743526,"Waxing",13.3872413793103,13.1131034482759,22.1809913793103,FALSE,"complete"
"6",0,"6_0","Rotoiti","Control",54730,-38.0218725085535,176.348304238168,150,"Sandy",2025-02-04 11:00:00,"Sunny",3,1,1,NA,"1","220.524873221001","1741.0626313093101",0,NA,0,0,1,0,0,0,0,100,0,0,1,"Hornwort",0,24.1,8.65,103,172.1,175.415350117215,8.11,NA,10,0,0,0,NA,NA,NA,NA,NA,NA,NA,NA,NA,NA,NA,NA,NA,NA,NA,NA,NA,NA,NA,NA,NA,NA,NA,NA,NA,NA,NA,NA,NA,NA,NA,NA,NA,NA,NA,NA,NA,NA,NA,119,0,4,0,1,0,2,0,0,29.75,0,1,0,0.25,0,0.5,0,0,1190.75,0,121,0,0,0,123,0,0,4763,NA,484,NA,0,NA,492,NA,NA,NA,NA,164.75,NA,550,NA,214.5,NA,NA,229.681818181818,NA,121,NA,NA,NA,246,NA,NA,119,NA,4,NA,1,NA,2,NA,NA,4763,NA,484,NA,0,NA,492,NA,NA,4,NA,4,NA,4,NA,4,NA,NA,NA,NA,136,NA,550,NA,104,NA,NA,NA,NA,210,NA,550,NA,325,NA,NA,29,NA,66,NA,NA,NA,15,NA,NA,587,NA,219,NA,NA,NA,477,NA,NA,4,7,1,1,1,0,0,0,0,1,0,1,NA,NA,NA,NA,NA,0,"Before",2025-02-03,"11:00:00",2025,"Feb",4,"Summer",1738620000,"0 Pre/Summer",220.524873221001,1741.06263130931,0.022673179342401,0.0114872375297376,"Sandy",3,0,"3",0,"Control",3,1.15266503518005,0.29697327743526,"Waxing",13.3872413793103,13.1131034482759,22.1809913793103,FALSE,"complete"
"7",0,"7_0","Rotoiti","Stone_pile",54730,-38.0400700989088,176.368333417899,150,"Sandy",2025-02-04 02:30:00,"Sunny",3,1,1,NA,"1","130.67824847969601","334.10486413213903",100,"Grass",0,0,0,0,0,0,0,100,0,0,0,NA,0,26.6,8.37,103.9,330.6,319.852941176471,3.69,NA,0,0,5,40,"Round","3900","1700","1500","2.5499999999999998","640","470","490","200","500","0.53549999999999998","422.5","0","Round","4200","2000","1700","3.4","640","420","460","160","410","0.64033333333333342","401.25","0","Round","4400","2000","1800","3.6","640","450","480","190","490","0.73799999999999999","368.25","0",6,16,11,0,0,0,0,0,0,1.5,4,2.75,0,0,0,0,0,0,701.25,3.5,569.25,0,0,0,0,0,0,2805,14,2277,NA,NA,NA,NA,NA,NA,NA,NA,196.181818181818,NA,NA,NA,NA,NA,NA,235.833333333333,14,207,NA,NA,NA,NA,NA,NA,6,16,11,NA,NA,NA,NA,NA,NA,2805,14,2277,NA,NA,NA,NA,NA,NA,4,4,4,NA,NA,NA,NA,NA,NA,NA,NA,149,NA,NA,NA,NA,NA,NA,NA,NA,249,NA,NA,NA,NA,NA,NA,5,14,93,NA,NA,NA,NA,NA,NA,610,14,373,NA,NA,NA,NA,NA,NA,3,11,1,0,1,1,0,0,0,0,0,0,9,0,0,1,9,0,"Before",2025-02-03,"02:30:00",2025,"Feb",4,"Summer",1738589400,"0 Pre/Summer",130.678248479696,334.104864132139,0.0382619147269706,0.0598614451542075,"Sandy",3,0,"4",0,"Stone_pile",3,1.15266503518005,0.29697327743526,"Waxing",13.3872413793103,13.1131034482759,22.1809913793103,FALSE,"complete"
"8",0,"8_0","Rotoiti","Control",54730,-38.0399884269911,176.367640974845,150,"Sandy",2025-02-04 02:00:00,"Sunny",3,1,1,NA,"1","69.508184012671805","381.61439291613999",30,"Grass",0,0,0,0,0,0,0,100,0,0,0,NA,0,25.9,8.38,103.3,346,339.581902051232,3.72,7.42,0,0,10,10,NA,NA,NA,NA,NA,NA,NA,NA,NA,NA,NA,NA,NA,NA,NA,NA,NA,NA,NA,NA,NA,NA,NA,NA,NA,NA,NA,NA,NA,NA,NA,NA,NA,NA,NA,NA,NA,NA,NA,4,18,4,0,0,1,0,0,0,1,4.5,1,0,0,0.25,0,0,0,747,2.75,84.25,0,0,1,0,0,0,2988,11,337,NA,NA,4,NA,NA,NA,NA,NA,118,NA,NA,75,NA,NA,NA,373.5,11,84.25,NA,NA,4,NA,NA,NA,4,18,4,NA,NA,1,NA,NA,NA,2988,11,337,NA,NA,4,NA,NA,NA,4,4,4,NA,NA,4,NA,NA,NA,NA,NA,55,NA,NA,75,NA,NA,NA,NA,NA,200,NA,NA,75,NA,NA,NA,44,11,20,NA,NA,4,NA,NA,NA,537,11,200,NA,NA,4,NA,NA,NA,4,5,1,0,1,1,1,0,0,0,0,0,11,0,0,1,11,0,"Before",2025-02-03,"02:00:00",2025,"Feb",4,"Summer",1738587600,"0 Pre/Summer",69.5081840126718,381.61439291614,0.0719339754163116,0.0524089247451288,"Sandy",3,0,"4",0,"Control",3,1.15266503518005,0.29697327743526,"Waxing",13.3872413793103,13.1131034482759,22.1809913793103,FALSE,"complete"
"9",0,"9_0","Rotoiti","Stone_pile",54730,-38.0149838,176.4133799,150,"Sandy",2025-02-04 09:45:00,"Sunny",3.5,1,1,NA,"1","168.339491020125","259.826404337621",0,NA,0,0,0,0,5,0,15,80,0,0,0,NA,3,21.7,8.87,101,145.3,156.119050177286,8.74,NA,0,0,0,10,"Round","6400","1800","2000","3.6","1003.3333333333334","630","615","280","715","1.008","405.25","0","Round","6700","2500","2100","5.25","1003.3333333333334","740","700","340","770","1.63625","441.5","0","Round","6600","2200","1600","3.52","1003.3333333333334","740","750","350","780","1.1264000000000001","400.75","0",118,4,3,0,0,2,0,0,0,29.5,1,0.75,0,0,0.5,0,0,0,670,0.5,111.75,0,0,5.75,0,0,0,2680,2,447,NA,NA,23,NA,NA,NA,NA,NA,181,NA,NA,111.5,NA,NA,NA,229.166666666667,2,149,NA,NA,11.5,NA,NA,NA,118,4,3,NA,NA,2,NA,NA,NA,2680,2,447,NA,NA,23,NA,NA,NA,4,4,4,NA,NA,4,NA,NA,NA,NA,NA,140,NA,NA,107,NA,NA,NA,NA,NA,207,NA,NA,116,NA,NA,NA,14,2,59,NA,NA,8,NA,NA,NA,600,2,204,NA,NA,15,NA,NA,NA,4,5,1,0,1,1,1,0,0,0,0,0,5,0,0,1,5,1,"Before",2025-02-03,"09:45:00",2025,"Feb",4,"Summer",1738615500,"0 Pre/Summer",168.339491020125,259.826404337621,0.029701883792688,0.076974470901009,"Sandy",3.35,0,"5",0,"Stone_pile",3.35,1.15266503518005,0.29697327743526,"Waxing",13.3872413793103,13.1131034482759,22.1809913793103,FALSE,"complete"
"10",0,"10_0","Rotoiti","Control",54730,-38.0149894250948,176.414205051426,150,"Rocky",2025-02-04 10:20:00,"Sunny",3.5,1,1,NA,"1","138.622117701376","221.36538172916099",20,"Flax",0,0,0,0,0,50,50,0,0,0,0,NA,0,22.5,9.34,107.9,150.4,158.733509234828,8.65,NA,0,0,0,0,NA,NA,NA,NA,NA,NA,NA,NA,NA,NA,NA,NA,NA,NA,NA,NA,NA,NA,NA,NA,NA,NA,NA,NA,NA,NA,NA,NA,NA,NA,NA,NA,NA,NA,NA,NA,NA,NA,NA,35,7,5,1,0,0,0,0,0,8.75,1.75,1.25,0.25,0,0,0,0,0,611.75,1.75,40.75,6.75,0,0,0,0,0,2447,7,163,27,NA,NA,NA,NA,NA,NA,NA,105.2,33.56,NA,NA,NA,NA,NA,256.3,7,32.6,27,NA,NA,NA,NA,NA,35,7,5,1,NA,NA,NA,NA,NA,2447,7,163,27,NA,NA,NA,NA,NA,4,4,4,4,NA,NA,NA,NA,NA,NA,NA,86,33.56,NA,NA,NA,NA,NA,NA,NA,131,33.56,NA,NA,NA,NA,NA,29,7,15,27,NA,NA,NA,NA,NA,555,7,59,27,NA,NA,NA,NA,NA,4,6,1,0,1,1,0,1,0,0,0,0,11,0,0,1,11,1,"Before",2025-02-03,"10:20:00",2025,"Feb",4,"Summer",1738617600,"0 Pre/Summer",138.622117701376,221.365381729161,0.0360692801618509,0.090348363613918,"Rocky",5,0,"5",1,"Control",5,1.15266503518005,0.29697327743526,"Waxing",13.3872413793103,13.1131034482759,22.1809913793103,FALSE,"complete"
"11",0,"11_0","Rotoiti","Reference",54730,-38.0276056022708,176.40494378912,150,"Rocky",2025-02-06 14:46:00,"Sunny",3.5,1,1,"Right, Cliff as shore","1","38.942244562325001","121.850769016352",0,"0",0,0,0,0,90,0,0,10,0,0,0,NA,0,24.4,11.18,133.9,156.9,158.902167308082,9.18,NA,0,0,0,0,NA,NA,NA,NA,NA,NA,NA,NA,NA,NA,NA,NA,NA,NA,NA,NA,NA,NA,NA,NA,NA,NA,NA,NA,NA,NA,NA,NA,NA,NA,NA,NA,NA,NA,NA,NA,NA,NA,NA,22,50,11,0,0,0,1,0,0,5.5,12.5,2.75,0,0,0,0.25,0,0,370,14.25,78,0,0,0,8.75,0,0,1480,57,312,NA,NA,NA,35,NA,NA,NA,NA,100.363636363636,NA,NA,NA,133,NA,NA,251.333333333333,57,28.3636363636364,NA,NA,NA,35,NA,NA,22,50,11,NA,NA,NA,1,NA,NA,1480,57,312,NA,NA,NA,35,NA,NA,4,4,4,NA,NA,NA,4,NA,NA,NA,NA,80,NA,NA,NA,133,NA,NA,NA,NA,125,NA,NA,NA,133,NA,NA,14,57,15,NA,NA,NA,35,NA,NA,577,57,48,NA,NA,NA,35,NA,NA,4,12,1,0,1,1,0,0,0,1,0,1,NA,NA,NA,NA,NA,1,"Before",2025-02-06,"14:46:00",2025,"Feb",6,"Summer",1738806360,"0 Pre/Summer",38.942244562325,121.850769016352,0.128395269871971,0.164135197187931,"Rocky",6.6,0,"6",0,"Reference_1",6.6,1.7909711663368,0.609200122603733,"Waxing",13.0789655172414,12.8362068965517,22.3031681034483,FALSE,"complete"
"12",0,"12_0","Rotoiti","Reference",54730,-38.027783,176.4042814,150,"Rocky",2025-02-06 15:10:00,"Sunny",3.5,1,1,"Left, Cliff as shore","1","70.918634145760194","162.05012479636801",100,"Native forest",100,0,0,0,20,80,0,0,0,0,0,NA,0,25.4,10.88,136.4,161.1,159.758032526775,9.14,NA,0,0,0,0,NA,NA,NA,NA,NA,NA,NA,NA,NA,NA,NA,NA,NA,NA,NA,NA,NA,NA,NA,NA,NA,NA,NA,NA,NA,NA,NA,NA,NA,NA,NA,NA,NA,NA,NA,NA,NA,NA,NA,8,20,21,0,0,0,1,0,0,2,5,5.25,0,0,0,0.25,0,0,694.5,6.25,222.5,0,0,0,6.75,0,0,2778,25,890,NA,NA,NA,27,NA,NA,NA,NA,107.333333333333,NA,NA,NA,130,NA,NA,279.8,25,42.3809523809524,NA,NA,NA,27,NA,NA,8,20,21,NA,NA,NA,1,NA,NA,2778,25,890,NA,NA,NA,27,NA,NA,4,4,4,NA,NA,NA,4,NA,NA,NA,NA,71,NA,NA,NA,130,NA,NA,NA,NA,180,NA,NA,NA,130,NA,NA,5,25,9,NA,NA,NA,27,NA,NA,628,25,148,NA,NA,NA,27,NA,NA,4,22,1,0,1,1,0,0,0,1,0,1,0,1,0,1,1,1,"Before",2025-02-06,"15:10:00",2025,"Feb",6,"Summer",1738807800,"0 Pre/Summer",70.9186341457602,162.050124796368,0.0705033318848671,0.123418602886804,"Rocky",6.2,0,"6",0,"Reference_2",6.2,1.7909711663368,0.609200122603733,"Waxing",13.0789655172414,12.8362068965517,22.3031681034483,FALSE,"complete"
"13",0,"13_0","Rotoiti","Reference",54730,-38.0401949,176.3586787,150,"Sandy",2025-02-06 11:15:00,"Sunny",3,1,1,"Right","1","63.335015819361701","218.54441100186699",100,"Native forest",100,0,0,10,0,0,10,80,0,0,0,NA,0,24.3,9.39,112.1,177.9,180.554145945397,7.57,NA,0,0,0,0,NA,NA,NA,NA,NA,NA,NA,NA,NA,NA,NA,NA,NA,NA,NA,NA,NA,NA,NA,NA,NA,NA,NA,NA,NA,NA,NA,NA,NA,NA,NA,NA,NA,NA,NA,NA,NA,NA,NA,3,0,1,0,0,0,0,0,0,0.75,0,0.25,0,0,0,0,0,0,637,0,5.5,0,0,0,0,0,0,2548,NA,22,NA,NA,NA,NA,NA,NA,NA,NA,90,NA,NA,NA,NA,NA,NA,424.666666666667,NA,22,NA,NA,NA,NA,NA,NA,3,NA,1,NA,NA,NA,NA,NA,NA,2548,NA,22,NA,NA,NA,NA,NA,NA,4,NA,4,NA,NA,NA,NA,NA,NA,NA,NA,90,NA,NA,NA,NA,NA,NA,NA,NA,90,NA,NA,NA,NA,NA,NA,55,NA,22,NA,NA,NA,NA,NA,NA,619,NA,22,NA,NA,NA,NA,NA,NA,2,1,1,0,1,0,0,0,0,0,0,0,NA,NA,NA,NA,NA,0,"Before",2025-02-05,"11:15:00",2025,"Feb",6,"Summer",1738793700,"0 Pre/Summer",63.3350158193617,218.544411001867,0.0789452711950138,0.0915145800723732,"Sandy",3.6,0,"7",0,"Reference_1",3.6,1.57820245595133,0.503703030725666,"Waxing",13.1831034482759,12.9048275862069,22.2503448275862,FALSE,"complete"
"14",0,"14_0","Rotoiti","Reference",54730,-38.0398114,176.3581623,150,"Sandy",2025-02-06 11:00:00,"Sunny",3,1,1,"Left, 1 net big hole","1","59.880478669367001","183.12960987940701",100,"Native forest",100,0,0,10,0,0,0,90,0,0,0,NA,0,24.3,9.39,112.1,177.9,180.554145945397,7.52,NA,0,0,0,20,NA,NA,NA,NA,NA,NA,NA,NA,NA,NA,NA,NA,NA,NA,NA,NA,NA,NA,NA,NA,NA,NA,NA,NA,NA,NA,NA,NA,NA,NA,NA,NA,NA,NA,NA,NA,NA,NA,NA,3,0,0,1,0,0,0,0,0,0.75,0,0,0.25,0,0,0,0,0,379.5,0,0,8.75,0,0,0,0,0,1518,NA,NA,35,NA,NA,NA,NA,NA,NA,NA,NA,37.11,NA,NA,NA,NA,NA,506,NA,NA,35,NA,NA,NA,NA,NA,3,NA,NA,1,NA,NA,NA,NA,NA,1518,NA,NA,35,NA,NA,NA,NA,NA,4,NA,NA,4,NA,NA,NA,NA,NA,NA,NA,NA,37.11,NA,NA,NA,NA,NA,NA,NA,NA,37.11,NA,NA,NA,NA,NA,392,NA,NA,35,NA,NA,NA,NA,NA,578,NA,NA,35,NA,NA,NA,NA,NA,2,1,1,0,0,0,0,1,0,0,0,0,1,0,0,1,1,0,"Before",2025-02-05,"11:00:00",2025,"Feb",6,"Summer",1738792800,"0 Pre/Summer",59.880478669367,183.129609879407,0.083499666520833,0.109212267820426,"Sandy",3.5,0,"7",1,"Reference_2",3.5,1.57820245595133,0.503703030725666,"Waxing",13.1831034482759,12.9048275862069,22.2503448275862,FALSE,"complete"
"15",0,"15_0","Rotoiti","Reference",54730,-38.0354320054637,176.345087343881,150,"Rocky",2025-02-06 10:00:00,"Sunny",3,1,1,"Left","1","57.9411293181277","639.03395274642901",100,"Native forest",100,0,0,50,0,0,0,20,0,30,1,"Hornwort",6,23.2,8.99,105.3,160.9,167.220951985034,8.23,NA,0,0,0,0,NA,NA,NA,NA,NA,NA,NA,NA,NA,NA,NA,NA,NA,NA,NA,NA,NA,NA,NA,NA,NA,NA,NA,NA,NA,NA,NA,NA,NA,NA,NA,NA,NA,NA,NA,NA,NA,NA,NA,1,10,16,17,0,1,0,0,0,0.25,2.5,4,4.25,0,0.25,0,0,0,179.25,0,195.75,73.5,0,1.75,0,0,0,717,0,783,294,NA,7,NA,NA,NA,NA,NA,109.125,27.33,NA,100,NA,NA,NA,358.5,NA,48.9375,17.2941176470588,NA,7,NA,NA,NA,1,10,16,17,NA,1,NA,NA,NA,717,0,783,294,NA,7,NA,NA,NA,4,4,4,4,NA,4,NA,NA,NA,NA,NA,72,20.75,NA,100,NA,NA,NA,NA,NA,182,36.22,NA,100,NA,NA,NA,349,NA,10,5,NA,7,NA,NA,NA,368,NA,175,38,NA,7,NA,NA,NA,5,34,1,0,1,1,1,1,0,0,0,0,1,0,0,1,1,0,"Before",2025-02-05,"10:00:00",2025,"Feb",6,"Summer",1738789200,"0 Pre/Summer",57.9411293181277,639.033952746429,0.0862944864700053,0.0312972415848084,"Rocky",5.2,0,"8",1,"Reference_1",5.2,1.57820245595133,0.503703030725666,"Waxing",13.1831034482759,12.9048275862069,22.2503448275862,FALSE,"complete"
"16",0,"16_0","Rotoiti","Reference",54730,-38.035946522854,176.345727107707,150,"Rocky",2025-02-06 10:15:00,"Sunny",3,1,1,"Right","1","27.586278169075001","565.61863728637502",100,"Native forest",100,0,0,50,0,0,0,20,0,30,0,NA,2,23.4,9.08,106.7,160.5,166.080298013245,8.1,NA,0,0,0,0,NA,NA,NA,NA,NA,NA,NA,NA,NA,NA,NA,NA,NA,NA,NA,NA,NA,NA,NA,NA,NA,NA,NA,NA,NA,NA,NA,NA,NA,NA,NA,NA,NA,NA,NA,NA,NA,NA,NA,2,6,0,1,0,0,0,1,0,0.666666666666667,2,0,0.333333333333333,0,0,0,0.333333333333333,0,37,1.33333333333333,0,11.6666666666667,0,0,0,3.66666666666667,0,111,4,NA,35,NA,NA,NA,11,NA,NA,NA,NA,36.99,NA,NA,NA,97,NA,111,4,NA,35,NA,NA,NA,11,NA,2,6,NA,1,NA,NA,NA,1,NA,111,4,NA,35,NA,NA,NA,11,NA,3,3,NA,3,NA,NA,NA,3,NA,NA,NA,NA,36.99,NA,NA,NA,97,NA,NA,NA,NA,36.99,NA,NA,NA,97,NA,111,4,NA,35,NA,NA,NA,11,NA,111,4,NA,35,NA,NA,NA,11,NA,4,2,1,0,0,1,0,1,0,0,1,1,3,0,0,1,3,0,"Before",2025-02-05,"10:15:00",2025,"Feb",6,"Summer",1738790100,"0 Pre/Summer",27.586278169075,565.618637286375,0.181249531718459,0.0353595137811449,"Rocky",5.2,0,"8",1,"Reference_2",5.2,1.57820245595133,0.503703030725666,"Waxing",13.1831034482759,12.9048275862069,22.2503448275862,FALSE,"complete"
"17",0,"17_0","Rotoiti","Reference",54730,-38.0174132,176.3755268,150,"Rocky",2025-02-06 13:09:00,"Sunny",3.5,1,1,"Left","1","13.9155980353024","411.55710413086803",100,"Native forest",100,0,0,0,50,0,0,50,0,0,0,NA,30,25.3,9.66,116.8,159.8,158.799562754646,8.52,NA,0,0,0,0,NA,NA,NA,NA,NA,NA,NA,NA,NA,NA,NA,NA,NA,NA,NA,NA,NA,NA,NA,NA,NA,NA,NA,NA,NA,NA,NA,NA,NA,NA,NA,NA,NA,NA,NA,NA,NA,NA,NA,3,0,8,12,0,0,6,0,0,0.75,0,2,3,0,0,1.5,0,0,265.25,0,119.75,55,0,0,725,0,0,1061,NA,479,220,NA,NA,2900,NA,NA,NA,NA,122.75,27.1233333333333,NA,NA,324.166666666667,NA,NA,353.666666666667,NA,59.875,18.3333333333333,NA,NA,483.333333333333,NA,NA,3,NA,8,12,NA,NA,6,NA,NA,1061,NA,479,220,NA,NA,2900,NA,NA,4,NA,4,4,NA,NA,4,NA,NA,NA,NA,90,16.95,NA,NA,273,NA,NA,NA,NA,190,42.13,NA,NA,351,NA,NA,269,NA,17,5,NA,NA,300,NA,NA,456,NA,166,50,NA,NA,600,NA,NA,4,26,1,0,1,0,0,1,0,1,0,1,NA,NA,NA,NA,NA,1,"Before",2025-02-06,"13:09:00",2025,"Feb",6,"Summer",1738800540,"0 Pre/Summer",13.9155980353024,411.557104130868,0.359309027705136,0.0485959294573138,"Rocky",5,0,"9",1,"Reference_1",5,1.7909711663368,0.609200122603733,"Waxing",13.0789655172414,12.8362068965517,22.3031681034483,FALSE,"complete"
"18",0,"18_0","Rotoiti","Reference",54730,-38.0172588,176.3757789,150,"Rocky",2025-02-06 13:30:00,"Sunny",3.5,1,1,"Right","1","10.2582815366794","393.99543134125298",100,"Native forest",100,0,0,0,80,0,0,20,0,0,0,NA,7,25.4,9.86,120.1,161.2,159.857199523998,8.67,NA,0,0,0,0,NA,NA,NA,NA,NA,NA,NA,NA,NA,NA,NA,NA,NA,NA,NA,NA,NA,NA,NA,NA,NA,NA,NA,NA,NA,NA,NA,NA,NA,NA,NA,NA,NA,NA,NA,NA,NA,NA,NA,8,3,6,15,0,0,4,0,0,2,0.75,1.5,3.75,0,0,1,0,0,172,0,107.25,58.5,0,0,232.25,0,0,688,0,429,234,NA,NA,929,NA,NA,NA,NA,122.5,26.0525,NA,NA,226.5,NA,NA,173,NA,71.5,19.625,NA,NA,232.25,NA,NA,8,3,6,15,NA,NA,4,NA,NA,688,0,429,234,NA,NA,929,NA,NA,4,4,4,4,NA,NA,4,NA,NA,NA,NA,67,16.05,NA,NA,170,NA,NA,NA,NA,179,36.82,NA,NA,365,NA,NA,4,NA,7,4,NA,NA,60,NA,NA,344,NA,150,50,NA,NA,700,NA,NA,5,25,1,0,1,1,0,1,0,1,0,1,NA,NA,NA,NA,NA,1,"Before",2025-02-06,"13:30:00",2025,"Feb",6,"Summer",1738801800,"0 Pre/Summer",10.2582815366794,393.995431341253,0.487411071934617,0.0507620099347734,"Rocky",6.2,0,"9",1,"Reference_2",6.2,1.7909711663368,0.609200122603733,"Waxing",13.0789655172414,12.8362068965517,22.3031681034483,FALSE,"complete"
"19",0,"19_0","Rotoiti","Reference",54730,-38.01677,176.421,150,"Rocky",2025-02-06 15:20:00,"Sunny",3.5,1,1,"Right","1","142.69564315661299","187.90193049333001",100,"Native forest",100,0,0,0,0,90,0,10,0,0,1,"Hornwort",4,24.2,10.95,132,160.5,163.242473555736,9.34,NA,0,0,0,0,NA,NA,NA,NA,NA,NA,NA,NA,NA,NA,NA,NA,NA,NA,NA,NA,NA,NA,NA,NA,NA,NA,NA,NA,NA,NA,NA,NA,NA,NA,NA,NA,NA,NA,NA,NA,NA,NA,NA,9,5,3,13,0,1,0,0,0,2.25,1.25,0.75,3.25,0,0.25,0,0,0,385,0,20,58.75,0,3.75,0,0,0,1540,0,80,235,NA,15,NA,NA,NA,NA,NA,101.666666666667,28.761,NA,115,NA,NA,NA,259,NA,26.6666666666667,18.5125,NA,15,NA,NA,NA,9,5,3,13,NA,1,NA,NA,NA,1540,0,80,235,NA,15,NA,NA,NA,4,4,4,4,NA,4,NA,NA,NA,NA,NA,95,13.95,NA,115,NA,NA,NA,NA,NA,115,35.65,NA,115,NA,NA,NA,7,NA,21,1,NA,15,NA,NA,NA,617,NA,38,30,NA,15,NA,NA,NA,5,17,1,0,1,1,1,1,0,0,0,0,NA,NA,NA,NA,NA,1,"Before",2025-02-06,"15:20:00",2025,"Feb",6,"Summer",1738808400,"0 Pre/Summer",142.695643156613,187.90193049333,0.0350396122081481,0.106438501975422,"Rocky",5.7,0,"10",1,"Reference_1",5.7,1.7909711663368,0.609200122603733,"Waxing",13.0789655172414,12.8362068965517,22.3031681034483,FALSE,"complete"
"20",0,"20_0","Rotoiti","Reference",54730,-38.0170202210521,176.420489675691,150,"Rocky",2025-02-06 15:40:00,"Sunny",3.5,1,1,"Left","1","112.65205053481201","153.52894194799001",100,"Native forest",100,0,0,0,0,90,0,10,0,0,1,"Hornwort",0,24.9,10.9,131.4,159.2,159.535023549454,9.07,NA,0,0,0,0,NA,NA,NA,NA,NA,NA,NA,NA,NA,NA,NA,NA,NA,NA,NA,NA,NA,NA,NA,NA,NA,NA,NA,NA,NA,NA,NA,NA,NA,NA,NA,NA,NA,NA,NA,NA,NA,NA,NA,15,20,2,26,0,1,0,0,0,3.75,5,0.5,6.5,0,0.25,0,0,0,619,0,19,100.75,0,1.5,0,0,0,2476,0,76,403,NA,6,NA,NA,NA,NA,NA,111.5,29.4823863636364,NA,95,NA,NA,NA,253.6,NA,38,18.9772727272727,NA,6,NA,NA,NA,15,20,2,26,NA,1,NA,NA,NA,2476,0,76,403,NA,6,NA,NA,NA,4,4,4,4,NA,4,NA,NA,NA,NA,NA,110,12.53,NA,95,NA,NA,NA,NA,NA,113,40.79,NA,95,NA,NA,NA,15,NA,36,1,NA,6,NA,NA,NA,587,NA,40,40,NA,6,NA,NA,NA,5,29,1,0,1,1,1,1,0,0,0,0,4,0,0,1,4,1,"Before",2025-02-06,"15:40:00",2025,"Feb",6,"Summer",1738809600,"0 Pre/Summer",112.652050534812,153.52894194799,0.0443844561751221,0.130268597869809,"Rocky",5.7,0,"10",1,"Reference_2",5.7,1.7909711663368,0.609200122603733,"Waxing",13.0789655172414,12.8362068965517,22.3031681034483,FALSE,"complete"
"1",1,"1_1","Rotoiti","Stone_pile",54730,-38.0526673079263,176.47144524762,150,"Rocky",2025-04-28 13:00:00,"Cloudy",5,0,0,NA,"1","82.9889020904982","164.45001973472199",0,NA,10,100,0,0,30,30,10,30,0,0,0,NA,0,17.9,10.18,107.2,129,151.604183805383,7.42,NA,0,0,0,0,NA,NA,NA,NA,NA,NA,NA,NA,NA,NA,NA,NA,NA,NA,NA,NA,NA,NA,NA,NA,NA,NA,NA,NA,NA,NA,NA,NA,NA,NA,NA,NA,NA,NA,NA,NA,NA,NA,NA,15,40,1,12,0,42,0,0,0,3.75,10,0.25,3,0,10.5,0,0,0,683.75,0,2.25,51.75,0,80.25,0,0,0,2735,0,9,207,NA,321,NA,NA,NA,NA,NA,100,27.8636363636364,NA,80.5487804878049,NA,NA,NA,233.333333333333,NA,9,22.1363636363636,NA,5.3780487804878,NA,NA,NA,15,40,1,12,NA,42,NA,NA,NA,2735,0,9,207,NA,321,NA,NA,NA,4,4,4,4,NA,4,NA,NA,NA,NA,NA,100,20,NA,50,NA,NA,NA,NA,NA,100,35,NA,150,NA,NA,NA,13,NA,9,6,NA,1,NA,NA,NA,675,NA,9,42,NA,26,NA,NA,NA,5,55,1,0,1,1,1,1,0,0,0,0,NA,NA,NA,NA,NA,1,"After",2025-04-28,"13:00:00",2025,"Apr",28,"Autumn",1745802000,"1 Autumn",82.9889020904982,164.450019734722,0.0602490197369712,0.121617498327227,"Rocky",5.2,1,"1",1,"Stone_pile",5.55797333333333,0.175680786030261,0.00769610983457364,"New",22.8337037037037,22.7992592592593,17.4882021604938,FALSE,"complete"
"2",1,"2_1","Rotoiti","Control",54730,-38.0529135570371,176.470933127575,150,"Rocky",2025-04-28 12:30:00,"Cloudy",5,0,0,NA,"1","105.445519540936","180.302636624781",70,"Flax",0,0,0,0,20,20,0,60,0,0,0,NA,0,17.6,10.01,104.8,128.5,152.143026284632,7.36,NA,0,0,0,0,NA,NA,NA,NA,NA,NA,NA,NA,NA,NA,NA,NA,NA,NA,NA,NA,NA,NA,NA,NA,NA,NA,NA,NA,NA,NA,NA,NA,NA,NA,NA,NA,NA,NA,NA,NA,NA,NA,NA,17,0,1,21,0,31,0,0,0,4.25,0,0.25,5.25,0,7.75,0,0,0,779.25,0,21.25,114.25,0,58.25,0,0,0,3117,NA,85,457,NA,233,NA,NA,NA,NA,NA,145,28.9047619047619,NA,97.5806451612903,NA,NA,NA,229.928571428571,NA,85,21.7619047619048,NA,7.51612903225806,NA,NA,NA,17,NA,1,21,NA,31,NA,NA,NA,3117,NA,85,457,NA,233,NA,NA,NA,4,NA,4,4,NA,4,NA,NA,NA,NA,NA,145,21,NA,70,NA,NA,NA,NA,NA,145,40,NA,120,NA,NA,NA,17,NA,85,7,NA,2,NA,NA,NA,557,NA,85,53,NA,15,NA,NA,NA,4,53,1,0,1,0,1,1,0,0,0,0,NA,NA,NA,NA,NA,1,"After",2025-04-28,"12:30:00",2025,"Apr",28,"Autumn",1745800200,"1 Autumn",105.445519540936,180.302636624781,0.047417851623927,0.110924611943535,"Rocky",4.4,1,"1",1,"Control",4.4,0.175680786030261,0.00769610983457364,"New",22.8337037037037,22.7992592592593,17.4882021604938,FALSE,"complete"
"3",1,"3_1","Rotoiti","Stone_pile",54730,-38.047698100528,176.341122568488,150,"Sandy",2025-04-28 10:50:00,"Cloudy",5,0,0,NA,"1","75.103042747696705","1429.22107248619",100,"grass",0,0,0,0,0,0,0,100,0,0,1,"Three-leaved milfoil",0,17.9,10.36,109.3,142,166.882124809026,7.49,NA,0,0,0,0,NA,NA,NA,NA,NA,NA,NA,NA,NA,NA,NA,NA,NA,NA,NA,NA,NA,NA,NA,NA,NA,NA,NA,NA,NA,NA,NA,NA,NA,NA,NA,NA,NA,NA,NA,NA,NA,NA,NA,4,0,0,0,0,5,0,0,0,1,0,0,0,0,1.25,0,0,0,333,0,0,0,0,4.5,0,0,0,1332,NA,NA,NA,NA,18,NA,NA,NA,NA,NA,NA,NA,NA,62.6,NA,NA,NA,266.4,NA,NA,NA,NA,3.6,NA,NA,NA,4,NA,NA,NA,NA,5,NA,NA,NA,1332,NA,NA,NA,NA,18,NA,NA,NA,4,NA,NA,NA,NA,4,NA,NA,NA,NA,NA,NA,NA,NA,43,NA,NA,NA,NA,NA,NA,NA,NA,80,NA,NA,NA,50,NA,NA,NA,NA,1,NA,NA,NA,499,NA,NA,NA,NA,7,NA,NA,NA,2,5,1,0,0,0,1,0,0,0,0,0,1,0,0,1,1,0,"After",2025-04-27,"10:50:00",2025,"Apr",28,"Autumn",1745794200,"1 Autumn",75.1030427476967,1429.22107248619,0.0665751987811884,0.0139936363834947,"Sandy",3,1,"2",0,"Stone_pile",3.22144,6.24609738282403,0.00034383911757635,"New",22.6492592592593,22.6159259259259,17.5782021604938,FALSE,"complete"
"4",1,"4_1","Rotoiti","Control",54730,-38.0480187161085,176.341484639114,150,"Sandy",2025-04-28 10:30:00,"Cloudy",5,0,0,NA,"1","73.106421389251906","1435.7027457702",80,"grass+flax",5,0,0,0,0,0,0,100,0,0,1,"Three-leaved milfoil",0,17.8,10.2,107.7,142.7,168.119698397738,7.54,NA,0,0,0,0,NA,NA,NA,NA,NA,NA,NA,NA,NA,NA,NA,NA,NA,NA,NA,NA,NA,NA,NA,NA,NA,NA,NA,NA,NA,NA,NA,NA,NA,NA,NA,NA,NA,NA,NA,NA,NA,NA,NA,10,9,0,1,0,24,0,0,0,2.5,2.25,0,0.25,0,6,0,0,0,337.75,2,0,8.5,0,33.25,0,0,0,1351,8,NA,34,NA,133,NA,NA,NA,NA,NA,NA,35,NA,72.0833333333333,NA,NA,NA,229.833333333333,8,NA,34,NA,5.54166666666667,NA,NA,NA,10,9,NA,1,NA,24,NA,NA,NA,1351,8,NA,34,NA,133,NA,NA,NA,4,4,NA,4,NA,4,NA,NA,NA,NA,NA,NA,35,NA,42,NA,NA,NA,NA,NA,NA,35,NA,150,NA,NA,NA,14,8,NA,34,NA,1,NA,NA,NA,538,8,NA,34,NA,48,NA,NA,NA,4,25,1,0,0,1,1,1,0,0,0,0,NA,NA,NA,NA,NA,0,"After",2025-04-27,"10:30:00",2025,"Apr",28,"Autumn",1745793000,"1 Autumn",73.1064213892519,1435.7027457702,0.0683934448572954,0.0139304602285696,"Sandy",3,1,"2",1,"Control",3,6.24609738282403,0.00034383911757635,"New",22.6492592592593,22.6159259259259,17.5782021604938,FALSE,"complete"
"5",1,"5_1","Rotoiti","Stone_pile",54730,-38.0222760864304,176.348643537609,150,"Sandy",2025-04-28 09:00:00,"Cloudy",5,0,0,NA,"1","267.55142706578999","1689.6854318227199",10,"Small trees",0,0,1,0,0,0,0,70,30,0,0,NA,0,16.9,8.26,85.3,139,167.490059043258,6.82,NA,0,0,50,0,NA,NA,NA,NA,NA,NA,NA,NA,NA,NA,NA,NA,NA,NA,NA,NA,NA,NA,NA,NA,NA,NA,NA,NA,NA,NA,NA,NA,NA,NA,NA,NA,NA,NA,NA,NA,NA,NA,NA,11,2,10,2,0,0,0,0,0,2.75,0.5,2.5,0.5,0,0,0,0,0,365.75,0.25,141.75,17.5,0,0,0,0,0,1463,1,567,70,NA,NA,NA,NA,NA,NA,NA,130.2,38.19,NA,NA,NA,NA,NA,251.833333333333,1,56.7,35,NA,NA,NA,NA,NA,11,2,10,2,NA,NA,NA,NA,NA,1463,1,567,70,NA,NA,NA,NA,NA,4,4,4,4,NA,NA,NA,NA,NA,NA,NA,80,31.71,NA,NA,NA,NA,NA,NA,NA,192,44.67,NA,NA,NA,NA,NA,24,1,12,21,NA,NA,NA,NA,NA,582,1,137,49,NA,NA,NA,NA,NA,4,12,1,0,1,1,0,1,0,0,0,0,NA,NA,NA,NA,NA,0,"After",2025-04-27,"09:00:00",2025,"Apr",28,"Autumn",1745787600,"1 Autumn",267.55142706579,1689.68543182272,0.018687996004486,0.0118365227179744,"Sandy",2.4,1,"3",1,"Stone_pile",2.66496,6.24609738282403,0.00034383911757635,"New",22.6492592592593,22.6159259259259,17.5782021604938,FALSE,"complete"
"6",1,"6_1","Rotoiti","Control",54730,-38.0218725085535,176.348304238168,150,"Sandy",2025-04-28 08:30:00,"Cloudy",5,0,0,"site filled with weed","1","220.524873221001","1741.0626313093101",0,NA,0,0,1,0,0,0,0,100,0,0,1,"Hornwort",0,15.9,3.21,32.2,36.6,45.246631227593,6.5,NA,10,0,90,0,NA,NA,NA,NA,NA,NA,NA,NA,NA,NA,NA,NA,NA,NA,NA,NA,NA,NA,NA,NA,NA,NA,NA,NA,NA,NA,NA,NA,NA,NA,NA,NA,NA,NA,NA,NA,NA,NA,NA,65,0,7,3,0,0,4,0,10,16.25,0,1.75,0.75,0,0,1,0,2.5,121.75,0,2,17,0,0,49.75,0,1.5,487,NA,8,68,NA,NA,199,NA,6,NA,NA,NA,29.8166666666667,NA,NA,133.75,NA,NA,140,NA,4,34,NA,NA,49.75,NA,6,65,NA,7,3,NA,NA,4,NA,10,487,NA,8,68,NA,NA,199,NA,6,4,NA,4,4,NA,NA,4,NA,4,NA,NA,NA,21.28,NA,NA,95,NA,NA,NA,NA,NA,38.35,NA,NA,245,NA,NA,73,NA,0,29,NA,NA,4,NA,6,213,NA,8,39,NA,NA,179,NA,6,5,24,1,0,1,0,0,1,1,1,0,1,NA,NA,NA,NA,NA,0,"After",2025-04-27,"08:30:00",2025,"Apr",28,"Autumn",1745785800,"1 Autumn",220.524873221001,1741.06263130931,0.022673179342401,0.0114872375297376,"Sandy",3,1,"3",1,"Control",3,6.24609738282403,0.00034383911757635,"New",22.6492592592593,22.6159259259259,17.5782021604938,FALSE,"compromised"
"7",1,"7_1","Rotoiti","Stone_pile",54730,-38.0400700989088,176.368333417899,150,"Sandy",2025-04-28 11:44:00,"Cloudy",5,0,0,NA,"1","130.67824847969601","334.10486413213903",100,"Grass",0,0,0,0,0,0,0,100,0,0,0,NA,0,17.9,9.68,102.2,139.2,163.591491362087,7.38,NA,0,0,5,40,NA,NA,NA,NA,NA,NA,NA,NA,NA,NA,NA,NA,NA,NA,NA,NA,NA,NA,NA,NA,NA,NA,NA,NA,NA,NA,NA,NA,NA,NA,NA,NA,NA,NA,NA,NA,NA,NA,NA,47,11,2,2,0,80,0,0,0,11.75,2.75,0.5,0.5,0,20,0,0,0,302,62.5,77.75,18.5,0,96.5,0,0,0,1208,250,311,74,NA,386,NA,NA,NA,NA,NA,188.5,38.5,NA,76.25,NA,NA,NA,219.333333333333,250,155.5,37,NA,4.825,NA,NA,NA,47,11,2,2,NA,80,NA,NA,NA,1208,250,311,74,NA,386,NA,NA,NA,4,4,4,4,NA,4,NA,NA,NA,NA,NA,180,37,NA,45,NA,NA,NA,NA,NA,197,40,NA,150,NA,NA,NA,54,250,108,35,NA,1,NA,NA,NA,511,250,203,39,NA,40,NA,NA,NA,5,84,1,0,1,1,1,1,0,0,0,0,NA,NA,NA,NA,NA,0,"After",2025-04-27,"11:44:00",2025,"Apr",28,"Autumn",1745797440,"1 Autumn",130.678248479696,334.104864132139,0.0382619147269706,0.0598614451542075,"Sandy",3,1,"4",1,"Stone_pile",3.20373333333333,6.24609738282403,0.00034383911757635,"New",22.6492592592593,22.6159259259259,17.5782021604938,FALSE,"complete"
"8",1,"8_1","Rotoiti","Control",54730,-38.0399884269911,176.367640974845,150,"Sandy",2025-04-28 11:30:00,"Cloudy",5,0,0,"1 fyke net colappsed","1","69.508184012671805","381.61439291613999",30,"Grass",0,0,0,0,0,0,0,100,0,0,0,NA,0,17.9,9.59,101.2,138.9,163.238923492772,7.45,NA,0,0,10,10,NA,NA,NA,NA,NA,NA,NA,NA,NA,NA,NA,NA,NA,NA,NA,NA,NA,NA,NA,NA,NA,NA,NA,NA,NA,NA,NA,NA,NA,NA,NA,NA,NA,NA,NA,NA,NA,NA,NA,5,12,0,0,0,14,0,0,0,1.25,3,0,0,0,3.5,0,0,0,252.25,167.75,0,0,0,19.25,0,0,0,1009,671,NA,NA,NA,77,NA,NA,NA,NA,NA,NA,NA,NA,85.7142857142857,NA,NA,NA,131.375,335.5,NA,NA,NA,5.5,NA,NA,NA,5,12,NA,NA,NA,14,NA,NA,NA,1009,671,NA,NA,NA,77,NA,NA,NA,4,4,NA,NA,NA,4,NA,NA,NA,NA,NA,NA,NA,NA,50,NA,NA,NA,NA,NA,NA,NA,NA,120,NA,NA,NA,14,321,NA,NA,NA,1,NA,NA,NA,399,350,NA,NA,NA,15,NA,NA,NA,3,14,1,0,0,1,1,0,0,0,0,0,NA,NA,NA,NA,NA,0,"After",2025-04-27,"11:30:00",2025,"Apr",28,"Autumn",1745796600,"1 Autumn",69.5081840126718,381.61439291614,0.0719339754163116,0.0524089247451288,"Sandy",3,1,"4",0,"Control",3,6.24609738282403,0.00034383911757635,"New",22.6492592592593,22.6159259259259,17.5782021604938,FALSE,"complete"
"9",1,"9_1","Rotoiti","Stone_pile",54730,-38.0149838,176.4133799,150,"Sandy",2025-04-28 09:30:00,"Cloudy",5,0,0,NA,"1","168.339491020125","259.826404337621",0,NA,0,0,0,0,5,0,15,80,0,0,0,NA,3,17.7,8.84,92.8,132.4,156.371796385969,7.24,NA,0,0,0,10,NA,NA,NA,NA,NA,NA,NA,NA,NA,NA,NA,NA,NA,NA,NA,NA,NA,NA,NA,NA,NA,NA,NA,NA,NA,NA,NA,NA,NA,NA,NA,NA,NA,NA,NA,NA,NA,NA,NA,22,33,0,14,0,44,0,0,0,5.5,8.25,0,3.5,0,11,0,0,0,210.75,7.25,0,55.5,0,129.5,0,0,0,843,29,NA,222,NA,518,NA,NA,NA,NA,NA,NA,30.4988461538462,NA,101.204545454545,NA,NA,NA,213.5,14.5,NA,23.3076923076923,NA,11.7727272727273,NA,NA,NA,22,33,NA,14,NA,44,NA,NA,NA,843,29,NA,222,NA,518,NA,NA,NA,4,4,NA,4,NA,4,NA,NA,NA,NA,NA,NA,18,NA,68,NA,NA,NA,NA,NA,NA,36.81,NA,170,NA,NA,NA,11,9,NA,5,NA,3,NA,NA,NA,460,20,NA,41,NA,60,NA,NA,NA,4,58,1,0,0,1,1,1,0,0,0,0,NA,NA,NA,NA,NA,1,"After",2025-04-27,"09:30:00",2025,"Apr",28,"Autumn",1745789400,"1 Autumn",168.339491020125,259.826404337621,0.029701883792688,0.076974470901009,"Sandy",3.35,1,"5",1,"Stone_pile",3.61389333333333,6.24609738282403,0.00034383911757635,"New",22.6492592592593,22.6159259259259,17.5782021604938,FALSE,"complete"
"10",1,"10_1","Rotoiti","Control",54730,-38.0149894250948,176.414205051426,150,"Rocky",2025-04-28 09:45:00,"Cloudy",5,0,0,NA,"1","138.622117701376","221.36538172916099",20,"Flax",0,0,0,0,0,50,50,0,0,0,0,NA,0,17.9,9.19,97,133.4,156.775179222,7.46,NA,0,0,0,0,NA,NA,NA,NA,NA,NA,NA,NA,NA,NA,NA,NA,NA,NA,NA,NA,NA,NA,NA,NA,NA,NA,NA,NA,NA,NA,NA,NA,NA,NA,NA,NA,NA,NA,NA,NA,NA,NA,NA,9,69,0,6,1,30,0,0,0,3,23,0,2,0.333333333333333,10,0,0,0,315,19.3333333333333,0,19.3333333333333,533.333333333333,84.3333333333333,0,0,0,945,58,NA,58,1600,253,NA,NA,NA,NA,NA,NA,24.8,800,92.5,NA,NA,NA,238.5,29,NA,12.6,1600,8.43333333333333,NA,NA,NA,9,69,NA,6,1,30,NA,NA,NA,945,58,NA,58,1600,253,NA,NA,NA,3,3,NA,3,3,3,NA,NA,NA,NA,NA,NA,14,800,50,NA,NA,NA,NA,NA,NA,28,800,155,NA,NA,NA,9,16,NA,2,1600,1,NA,NA,NA,519,42,NA,17,1600,46,NA,NA,NA,5,37,1,1,0,1,1,1,0,0,0,1,NA,NA,NA,NA,NA,1,"After",2025-04-27,"09:45:00",2025,"Apr",28,"Autumn",1745790300,"1 Autumn",138.622117701376,221.365381729161,0.0360692801618509,0.090348363613918,"Rocky",5,1,"5",1,"Control",5,6.24609738282403,0.00034383911757635,"New",22.6492592592593,22.6159259259259,17.5782021604938,FALSE,"complete"
"11",1,"11_1","Rotoiti","Reference",54730,-38.0276056022708,176.40494378912,150,"Rocky",2025-04-30 16:17:00,"Sunny",5,0,0,NA,"1","38.942244562325001","121.850769016352",0,"0",0,0,0,0,90,0,0,10,0,0,0,NA,0,17.3,9.8,102.2,130,152.3,7.76,NA,0,0,0,0,NA,NA,NA,NA,NA,NA,NA,NA,NA,NA,NA,NA,NA,NA,NA,NA,NA,NA,NA,NA,NA,NA,NA,NA,NA,NA,NA,NA,NA,NA,NA,NA,NA,NA,NA,NA,NA,NA,NA,14,0,0,4,0,271,0,0,0,3.5,0,0,1,0,67.75,0,0,0,683.333333333333,683.333333333333,0,12.25,0,683.333333333333,0,0,0,2733.33333333333,2733.33333333333,NA,49,NA,2733.33333333333,NA,NA,NA,NA,NA,NA,23.75,NA,NA,NA,NA,NA,1366.66666666667,1366.66666666667,NA,12.25,NA,1366.66666666667,NA,NA,NA,14,0,NA,4,NA,271,NA,NA,NA,2733.33333333333,2733.33333333333,NA,49,NA,2733.33333333333,NA,NA,NA,4,4,NA,4,NA,4,NA,NA,NA,NA,NA,NA,17,NA,NA,NA,NA,NA,NA,NA,NA,34,NA,NA,NA,NA,NA,700,700,NA,4,NA,700,NA,NA,NA,2033.33333333333,2033.33333333333,NA,29,NA,2033.33333333333,NA,NA,NA,3,275,1,0,0,1,1,1,0,0,0,0,NA,NA,NA,NA,NA,1,"After",2025-04-30,"16:17:00",2025,"Apr",30,"Autumn",1745986620,"1 Autumn",38.942244562325,121.850769016352,0.128395269871971,0.164135197187931,"Rocky",6.6,1,"6",1,"Reference_1",6.6,0.601218206801189,0.0876764243159736,"New",23.2418518518519,23.1655555555556,17.3089891975309,FALSE,"complete"
"12",1,"12_1","Rotoiti","Reference",54730,-38.027783,176.4042814,150,"Rocky",2025-04-30 16:17:00,"Sunny",5,0,0,NA,"1","70.918634145760194","162.05012479636801",100,"Native forest",100,0,0,0,20,80,0,0,0,0,0,NA,0,17.3,9.8,102.2,130,152.3,7.76,NA,0,0,0,0,NA,NA,NA,NA,NA,NA,NA,NA,NA,NA,NA,NA,NA,NA,NA,NA,NA,NA,NA,NA,NA,NA,NA,NA,NA,NA,NA,NA,NA,NA,NA,NA,NA,NA,NA,NA,NA,NA,NA,20,0,2,4,0,9,1,0,0,5,0,0.5,1,0,2.25,0.25,0,0,106.5,379.25,0,15.5,0,0,1.75,0,0,426,1517,0,62,NA,0,7,NA,NA,NA,NA,NA,22.5,NA,NA,85,NA,NA,426,505.666666666667,NA,11.6666666666667,NA,NA,7,NA,NA,20,0,2,4,NA,9,1,NA,NA,426,1517,0,62,NA,0,7,NA,NA,4,4,4,4,NA,4,4,NA,NA,NA,NA,NA,18,NA,NA,85,NA,NA,NA,NA,NA,30,NA,NA,85,NA,NA,426,491,NA,4,NA,NA,7,NA,NA,426,527,NA,27,NA,NA,7,NA,NA,5,16,1,0,1,1,1,1,0,1,0,1,NA,NA,NA,NA,NA,1,"After",2025-04-30,"16:17:00",2025,"Apr",30,"Autumn",1745986620,"1 Autumn",70.9186341457602,162.050124796368,0.0705033318848671,0.123418602886804,"Rocky",6.2,1,"6",1,"Reference_2",6.2,0.601218206801189,0.0876764243159736,"New",23.2418518518519,23.1655555555556,17.3089891975309,FALSE,"complete"
"13",1,"13_1","Rotoiti","Reference",54730,-38.0401949,176.3586787,150,"Sandy",2025-04-30 17:11:00,"Sunny",5,0,0,"All nets collapsed","1","63.335015819361701","218.54441100186699",100,"Native forest",100,0,0,10,0,0,10,80,0,0,0,NA,0,17.2,9.78,101.6,130.9,153.9,7.94,NA,0,0,0,0,NA,NA,NA,NA,NA,NA,NA,NA,NA,NA,NA,NA,NA,NA,NA,NA,NA,NA,NA,NA,NA,NA,NA,NA,NA,NA,NA,NA,NA,NA,NA,NA,NA,NA,NA,NA,NA,NA,NA,NA,NA,NA,NA,NA,NA,NA,NA,NA,NA,NA,NA,NA,NA,NA,NA,NA,NA,NA,NA,NA,NA,NA,NA,NA,NA,NA,NA,NA,NA,NA,NA,NA,NA,NA,NA,NA,NA,NA,NA,NA,NA,NA,NA,NA,NA,NA,NA,NA,NA,NA,NA,NA,NA,NA,NA,NA,NA,NA,NA,NA,NA,NA,NA,NA,NA,NA,NA,NA,NA,NA,NA,NA,NA,NA,NA,NA,NA,NA,NA,NA,NA,NA,NA,NA,NA,NA,NA,NA,NA,NA,NA,NA,NA,NA,NA,NA,NA,NA,NA,NA,NA,NA,NA,NA,NA,NA,NA,NA,NA,NA,NA,NA,NA,NA,NA,NA,NA,NA,NA,NA,NA,NA,NA,NA,NA,NA,NA,NA,NA,NA,NA,NA,NA,0,"After",2025-04-30,"17:11:00",2025,"Apr",30,"Autumn",1745989860,"1 Autumn",63.3350158193617,218.544411001867,0.0789452711950138,0.0915145800723732,"Sandy",3.6,1,"7",NA,"Reference_1",3.6,0.601218206801189,0.0876764243159736,"New",23.2418518518519,23.1655555555556,17.3089891975309,FALSE,"compromised"
"14",1,"14_1","Rotoiti","Reference",54730,-38.0398114,176.3581623,150,"Sandy",2025-04-30 17:11:00,"Sunny",5,0,0,"All nets collapsed","1","59.880478669367001","183.12960987940701",100,"Native forest",100,0,0,10,0,0,0,90,0,0,0,NA,0,17.2,9.78,101.6,130.9,153.9,7.94,NA,0,0,0,20,NA,NA,NA,NA,NA,NA,NA,NA,NA,NA,NA,NA,NA,NA,NA,NA,NA,NA,NA,NA,NA,NA,NA,NA,NA,NA,NA,NA,NA,NA,NA,NA,NA,NA,NA,NA,NA,NA,NA,NA,NA,NA,NA,NA,NA,NA,NA,NA,NA,NA,NA,NA,NA,NA,NA,NA,NA,NA,NA,NA,NA,NA,NA,NA,NA,NA,NA,NA,NA,NA,NA,NA,NA,NA,NA,NA,NA,NA,NA,NA,NA,NA,NA,NA,NA,NA,NA,NA,NA,NA,NA,NA,NA,NA,NA,NA,NA,NA,NA,NA,NA,NA,NA,NA,NA,NA,NA,NA,NA,NA,NA,NA,NA,NA,NA,NA,NA,NA,NA,NA,NA,NA,NA,NA,NA,NA,NA,NA,NA,NA,NA,NA,NA,NA,NA,NA,NA,NA,NA,NA,NA,NA,NA,NA,NA,NA,NA,NA,NA,NA,NA,NA,NA,NA,NA,NA,NA,NA,NA,NA,NA,NA,NA,NA,NA,NA,NA,NA,NA,NA,NA,NA,NA,0,"After",2025-04-30,"17:11:00",2025,"Apr",30,"Autumn",1745989860,"1 Autumn",59.880478669367,183.129609879407,0.083499666520833,0.109212267820426,"Sandy",3.5,1,"7",NA,"Reference_2",3.5,0.601218206801189,0.0876764243159736,"New",23.2418518518519,23.1655555555556,17.3089891975309,FALSE,"compromised"
"15",1,"15_1","Rotoiti","Reference",54730,-38.0354320054637,176.345087343881,150,"Rocky",2025-04-30 12:41:00,"Sunny",5,0,0,NA,"1","57.9411293181277","639.03395274642901",100,"Native forest",100,0,0,50,0,0,0,20,0,30,1,"Hornwort",6,17.4,9.31,97.1,138.3,161.8,8.46,NA,0,0,0,0,NA,NA,NA,NA,NA,NA,NA,NA,NA,NA,NA,NA,NA,NA,NA,NA,NA,NA,NA,NA,NA,NA,NA,NA,NA,NA,NA,NA,NA,NA,NA,NA,NA,NA,NA,NA,NA,NA,NA,8,20,1,7,0,14,0,0,0,2,5,0.25,1.75,0,3.5,0,0,0,122.25,0,15,67.75,0,23.75,0,0,0,489,0,60,271,NA,95,NA,NA,NA,NA,NA,155,35.4285714285714,NA,NA,NA,NA,NA,244.5,NA,60,38.7142857142857,NA,95,NA,NA,NA,8,20,1,7,NA,14,NA,NA,NA,489,0,60,271,NA,95,NA,NA,NA,4,4,4,4,NA,4,NA,NA,NA,NA,NA,155,27,NA,NA,NA,NA,NA,NA,NA,155,45,NA,NA,NA,NA,NA,213,NA,60,18,NA,95,NA,NA,NA,276,NA,60,66,NA,95,NA,NA,NA,5,22,1,0,1,1,1,1,0,0,0,0,NA,NA,NA,NA,NA,0,"After",2025-04-30,"12:41:00",2025,"Apr",30,"Autumn",1745973660,"1 Autumn",57.9411293181277,639.033952746429,0.0862944864700053,0.0312972415848084,"Rocky",5.2,1,"8",1,"Reference_1",5.2,0.601218206801189,0.0876764243159736,"New",23.2418518518519,23.1655555555556,17.3089891975309,FALSE,"complete"
"16",1,"16_1","Rotoiti","Reference",54730,-38.035946522854,176.345727107707,150,"Rocky",2025-04-30 13:08:00,"Sunny",5,0,0,NA,"1","27.586278169075001","565.61863728637502",100,"Native forest",100,0,0,50,0,0,0,20,0,30,0,NA,2,17.4,9.45,98.5,138.3,161.9,7.6,NA,0,0,0,0,NA,NA,NA,NA,NA,NA,NA,NA,NA,NA,NA,NA,NA,NA,NA,NA,NA,NA,NA,NA,NA,NA,NA,NA,NA,NA,NA,NA,NA,NA,NA,NA,NA,NA,NA,NA,NA,NA,NA,16,30,15,8,0,9,0,0,0,4,7.5,3.75,2,0,2.25,0,0,0,219,0,295.75,99.5,0,22.5,0,0,0,876,0,1183,398,NA,90,NA,NA,NA,NA,NA,132.533333333333,37.5,NA,50,NA,NA,NA,148,NA,78.8666666666667,49.75,NA,30,NA,NA,NA,16,30,15,8,NA,9,NA,NA,NA,876,0,1183,398,NA,90,NA,NA,NA,4,4,4,4,NA,4,NA,NA,NA,NA,NA,80,19,NA,50,NA,NA,NA,NA,NA,205,58,NA,50,NA,NA,NA,6,NA,12,8,NA,1,NA,NA,NA,440,NA,245,108,NA,60,NA,NA,NA,5,32,1,0,1,1,1,1,0,0,0,0,NA,NA,NA,NA,NA,0,"After",2025-04-30,"13:08:00",2025,"Apr",30,"Autumn",1745975280,"1 Autumn",27.586278169075,565.618637286375,0.181249531718459,0.0353595137811449,"Rocky",5.2,1,"8",1,"Reference_2",5.2,0.601218206801189,0.0876764243159736,"New",23.2418518518519,23.1655555555556,17.3089891975309,FALSE,"complete"
"17",1,"17_1","Rotoiti","Reference",54730,-38.0174132,176.3755268,150,"Rocky",2025-04-30 14:10:00,"Sunny",5,0,0,NA,"1","13.9155980353024","411.55710413086803",100,"Native forest",100,0,0,0,50,0,0,50,0,0,0,NA,30,17.4,9.63,100.5,131.7,154.2,7.48,NA,0,0,0,0,NA,NA,NA,NA,NA,NA,NA,NA,NA,NA,NA,NA,NA,NA,NA,NA,NA,NA,NA,NA,NA,NA,NA,NA,NA,NA,NA,NA,NA,NA,NA,NA,NA,NA,NA,NA,NA,NA,NA,10,10,3,11,0,4,5,0,0,2.5,2.5,0.75,2.75,0,1,1.25,0,0,174.5,0,51,55,0,4.75,206.75,0,0,698,0,204,220,NA,19,827,NA,NA,NA,NA,138,27.1458333333333,NA,NA,179,NA,NA,349,NA,68,18.5416666666667,NA,9.5,165.4,NA,NA,10,10,3,11,NA,4,5,NA,NA,698,0,204,220,NA,19,827,NA,NA,4,4,4,4,NA,4,4,NA,NA,NA,NA,100,20,NA,NA,85,NA,NA,NA,NA,164,38,NA,NA,325,NA,NA,188,NA,21,7,NA,9,7,NA,NA,510,NA,106,41,NA,10,489,NA,NA,6,23,1,0,1,1,1,1,0,1,0,1,NA,NA,NA,NA,NA,1,"After",2025-04-30,"14:10:00",2025,"Apr",30,"Autumn",1745979000,"1 Autumn",13.9155980353024,411.557104130868,0.359309027705136,0.0485959294573138,"Rocky",5,1,"9",1,"Reference_1",5,0.601218206801189,0.0876764243159736,"New",23.2418518518519,23.1655555555556,17.3089891975309,FALSE,"complete"
"18",1,"18_1","Rotoiti","Reference",54730,-38.0172588,176.3757789,150,"Rocky",2025-04-30 14:10:00,"Sunny",5,0,0,NA,"1","10.2582815366794","393.99543134125298",100,"Native forest",100,0,0,0,80,0,0,20,0,0,0,NA,7,17.4,9.63,100.5,131.7,154.2,7.48,NA,0,0,0,0,NA,NA,NA,NA,NA,NA,NA,NA,NA,NA,NA,NA,NA,NA,NA,NA,NA,NA,NA,NA,NA,NA,NA,NA,NA,NA,NA,NA,NA,NA,NA,NA,NA,NA,NA,NA,NA,NA,NA,20,1,4,5,0,3,7,0,0,5,0.25,1,1.25,0,0.75,1.75,0,0,39.75,0,142,19.5,0,12.75,157.25,0,0,159,0,568,78,NA,51,629,NA,NA,NA,NA,153.25,23.6666666666667,NA,101.666666666667,129.571428571429,NA,NA,79.5,NA,142,14,NA,17,89.8571428571429,NA,NA,20,1,4,5,NA,3,7,NA,NA,159,0,568,78,NA,51,629,NA,NA,4,4,4,4,NA,4,4,NA,NA,NA,NA,105,20,NA,90,75,NA,NA,NA,NA,203,30,NA,120,335,NA,NA,15,NA,21,4,NA,12,5,NA,NA,144,NA,232,26,NA,21,550,NA,NA,6,19,1,0,1,1,1,1,0,1,0,1,1,0,0,1,1,1,"After",2025-04-30,"14:10:00",2025,"Apr",30,"Autumn",1745979000,"1 Autumn",10.2582815366794,393.995431341253,0.487411071934617,0.0507620099347734,"Rocky",6.2,1,"9",1,"Reference_2",6.2,0.601218206801189,0.0876764243159736,"New",23.2418518518519,23.1655555555556,17.3089891975309,FALSE,"complete"
"19",1,"19_1","Rotoiti","Reference",54730,-38.01677,176.421,150,"Rocky",2025-04-30 15:10:00,"Sunny",5,0,0,NA,"1","142.69564315661299","187.90193049333001",100,"Native forest",100,0,0,0,0,90,0,10,0,0,1,"Hornwort",4,17.3,9.8,102.2,130,152.3,7.76,NA,0,0,0,0,NA,NA,NA,NA,NA,NA,NA,NA,NA,NA,NA,NA,NA,NA,NA,NA,NA,NA,NA,NA,NA,NA,NA,NA,NA,NA,NA,NA,NA,NA,NA,NA,NA,NA,NA,NA,NA,NA,NA,6,10,2,42,0,82,1,0,0,1.5,2.5,0.5,10.5,0,20.5,0.25,0,0,183.75,47,70,149.5,0,0,2.5,0,0,735,188,280,598,NA,0,10,NA,NA,NA,NA,NA,25.9809384164223,NA,NA,100,NA,NA,245,188,280,16.5073313782991,NA,NA,10,NA,NA,6,10,2,42,NA,82,1,NA,NA,735,188,280,598,NA,0,10,NA,NA,4,4,4,4,NA,4,4,NA,NA,NA,NA,NA,12,NA,NA,100,NA,NA,NA,NA,NA,36,NA,NA,100,NA,NA,93,188,280,2,NA,NA,10,NA,NA,502,188,280,33,NA,NA,10,NA,NA,6,127,1,0,1,1,1,1,0,1,0,1,NA,NA,NA,NA,NA,1,"After",2025-04-30,"15:10:00",2025,"Apr",30,"Autumn",1745982600,"1 Autumn",142.695643156613,187.90193049333,0.0350396122081481,0.106438501975422,"Rocky",5.7,1,"10",1,"Reference_1",5.7,0.601218206801189,0.0876764243159736,"New",23.2418518518519,23.1655555555556,17.3089891975309,FALSE,"complete"
"20",1,"20_1","Rotoiti","Reference",54730,-38.0170202210521,176.420489675691,150,"Rocky",2025-04-30 15:10:00,"Sunny",5,0,0,NA,"1","112.65205053481201","153.52894194799001",100,"Native forest",100,0,0,0,0,90,0,10,0,0,1,"Hornwort",0,17.3,9.8,102.2,130,152.3,7.76,NA,0,0,0,0,NA,NA,NA,NA,NA,NA,NA,NA,NA,NA,NA,NA,NA,NA,NA,NA,NA,NA,NA,NA,NA,NA,NA,NA,NA,NA,NA,NA,NA,NA,NA,NA,NA,NA,NA,NA,NA,NA,NA,11,0,0,69,0,211,0,0,0,2.75,0,0,17.25,0,52.75,0,0,0,489.75,113,0,247,0,0,0,0,0,1959,452,NA,988,NA,0,NA,NA,NA,NA,NA,NA,27.0604508196721,NA,NA,NA,NA,NA,489.75,452,NA,17.1670081967213,NA,NA,NA,NA,NA,11,0,NA,69,NA,211,NA,NA,NA,1959,452,NA,988,NA,0,NA,NA,NA,4,4,NA,4,NA,4,NA,NA,NA,NA,NA,NA,13,NA,NA,NA,NA,NA,NA,NA,NA,39,NA,NA,NA,NA,NA,285,452,NA,3,NA,NA,NA,NA,NA,621,452,NA,41,NA,NA,NA,NA,NA,3,280,1,0,0,1,1,1,0,0,0,0,NA,NA,NA,NA,NA,1,"After",2025-04-30,"15:10:00",2025,"Apr",30,"Autumn",1745982600,"1 Autumn",112.652050534812,153.52894194799,0.0443844561751221,0.130268597869809,"Rocky",5.7,1,"10",1,"Reference_2",5.7,0.601218206801189,0.0876764243159736,"New",23.2418518518519,23.1655555555556,17.3089891975309,FALSE,"complete"
"1",2,"1_2","Rotoiti","Stone_pile",54730,-38.0526673079263,176.47144524762,150,"Rocky",2025-07-16 13:12:00,"Windy waves",NA,0,0,"1 fyke net washed to shore other filled with weed","1","82.9889020904982","164.45001973472199",0,NA,10,100,0,0,30,30,10,30,0,0,0,NA,0,12.8,11.12,105.2,112.6,146.7,7.22,NA,0,0,0,0,NA,NA,NA,NA,NA,NA,NA,NA,NA,NA,NA,NA,NA,NA,NA,NA,NA,NA,NA,NA,NA,NA,NA,NA,NA,NA,NA,NA,NA,NA,NA,NA,NA,NA,NA,NA,NA,NA,NA,1,4,0,0,0,12,0,0,0,0.25,1,0,0,0,3,0,0,0,113.5,1,0,0,0,25.5,0,0,0,454,4,NA,NA,NA,102,NA,NA,NA,NA,NA,NA,NA,NA,96.5,NA,NA,NA,227,4,NA,NA,NA,8.5,NA,NA,NA,1,4,NA,NA,NA,12,NA,NA,NA,454,4,NA,NA,NA,102,NA,NA,NA,4,4,NA,NA,NA,4,NA,NA,NA,NA,NA,NA,NA,NA,83,NA,NA,NA,NA,NA,NA,NA,NA,110,NA,NA,NA,1,4,NA,NA,NA,4,NA,NA,NA,453,4,NA,NA,NA,13,NA,NA,NA,3,12,1,0,0,1,1,0,0,0,0,0,NA,NA,NA,NA,NA,1,"After",2025-07-16,"13:12:00",2025,"Jul",16,"Winter",1752628320,"2 Winter",82.9889020904982,164.450019734722,0.0602490197369712,0.121617498327227,"Rocky",5.2,2,"1",0,"Stone_pile",5.55797333333333,4.41803829213167,0.645059263003979,"Waning",56.3986206896552,NA,12.7296551724138,TRUE,"compromised"
"2",2,"2_2","Rotoiti","Control",54730,-38.0529135570371,176.470933127575,150,"Rocky",2025-07-16 12:54:00,"Windy waves",NA,0,0,"Filled with weeds box moved a lot and fykes were drifting","1","105.445519540936","180.302636624781",70,"Flax",0,0,0,0,20,20,0,60,0,0,0,NA,0,12.9,10.92,103.5,112,145.6,6.66,NA,0,0,0,0,NA,NA,NA,NA,NA,NA,NA,NA,NA,NA,NA,NA,NA,NA,NA,NA,NA,NA,NA,NA,NA,NA,NA,NA,NA,NA,NA,NA,NA,NA,NA,NA,NA,NA,NA,NA,NA,NA,NA,5,0,0,2,0,2,0,0,0,1.25,0,0,0.5,0,0.5,0,0,0,60.5,0,0,8.75,0,20.5,0,0,0,242,NA,NA,35,NA,82,NA,NA,NA,NA,NA,NA,26,NA,117.5,NA,NA,NA,121,NA,NA,17.5,NA,41,NA,NA,NA,5,NA,NA,2,NA,2,NA,NA,NA,242,NA,NA,35,NA,82,NA,NA,NA,4,NA,NA,4,NA,4,NA,NA,NA,NA,NA,NA,21,NA,50,NA,NA,NA,NA,NA,NA,31,NA,185,NA,NA,NA,3,NA,NA,13,NA,1,NA,NA,NA,239,NA,NA,22,NA,81,NA,NA,NA,3,4,1,0,0,0,1,1,0,0,0,0,NA,NA,NA,NA,NA,1,"After",2025-07-16,"12:54:00",2025,"Jul",16,"Winter",1752627240,"2 Winter",105.445519540936,180.302636624781,0.047417851623927,0.110924611943535,"Rocky",4.4,2,"1",1,"Control",4.4,4.41803829213167,0.645059263003979,"Waning",56.3986206896552,NA,12.7296551724138,TRUE,"compromised"
"3",2,"3_2","Rotoiti","Stone_pile",54730,-38.047698100528,176.341122568488,150,"Sandy",2025-07-16 11:18:00,"Sunny",NA,0,0,NA,"1","75.103042747696705","1429.22107248619",100,"grass",0,0,0,0,0,0,0,100,0,0,1,"Three-leaved milfoil",0,13,10.95,103.9,120.7,156.8,7.53,NA,0,0,0,0,NA,NA,NA,NA,NA,NA,NA,NA,NA,NA,NA,NA,NA,NA,NA,NA,NA,NA,NA,NA,NA,NA,NA,NA,NA,NA,NA,NA,NA,NA,NA,NA,NA,NA,NA,NA,NA,NA,NA,20,26,1,0,0,4,0,0,0,6.66666666666667,8.66666666666667,0.333333333333333,0,0,1.33333333333333,0,0,0,309.333333333333,6.33333333333333,0.333333333333333,0,0,7.66666666666667,0,0,0,928,19,1,NA,NA,23,NA,NA,NA,NA,NA,33,NA,NA,80,NA,NA,NA,239.25,19,1,NA,NA,5.75,NA,NA,NA,20,26,1,NA,NA,4,NA,NA,NA,928,19,1,NA,NA,23,NA,NA,NA,3,3,3,NA,NA,3,NA,NA,NA,NA,NA,33,NA,NA,55,NA,NA,NA,NA,NA,33,NA,NA,100,NA,NA,NA,29,19,1,NA,NA,3,NA,NA,NA,506,19,1,NA,NA,9,NA,NA,NA,4,5,1,0,1,1,1,0,0,0,0,0,NA,NA,NA,NA,NA,0,"After",2025-07-15,"11:18:00",2025,"Jul",16,"Winter",1752621480,"2 Winter",75.1030427476967,1429.22107248619,0.0665751987811884,0.0139936363834947,"Sandy",3,2,"2",0,"Stone_pile",3.22144,4.20526958174621,0.74283059796496,"Waning",56.388275862069,41.58,12.7609698275862,FALSE,"complete"
"4",2,"4_2","Rotoiti","Control",54730,-38.0480187161085,176.341484639114,150,"Sandy",2025-07-16 11:05:00,"Sunny",NA,0,0,NA,"1","73.106421389251906","1435.7027457702",80,"grass+flax",5,0,0,0,0,0,0,100,0,0,1,"Three-leaved milfoil",0,13,10.89,103.3,123.1,159.9,7.66,NA,0,0,0,0,NA,NA,NA,NA,NA,NA,NA,NA,NA,NA,NA,NA,NA,NA,NA,NA,NA,NA,NA,NA,NA,NA,NA,NA,NA,NA,NA,NA,NA,NA,NA,NA,NA,NA,NA,NA,NA,NA,NA,7,20,0,0,0,1,0,1,0,1.75,5,0,0,0,0.25,0,0.25,0,242,3.5,0,0,0,1.25,0,150,0,968,14,NA,NA,NA,5,NA,600,NA,NA,NA,NA,NA,NA,80,NA,450,NA,243.25,14,NA,NA,NA,5,NA,600,NA,7,20,NA,NA,NA,1,NA,1,NA,968,14,NA,NA,NA,5,NA,600,NA,4,4,NA,NA,NA,4,NA,4,NA,NA,NA,NA,NA,NA,80,NA,450,NA,NA,NA,NA,NA,NA,80,NA,450,NA,5,14,NA,NA,NA,5,NA,600,NA,587,14,NA,NA,NA,5,NA,600,NA,4,2,1,0,0,1,1,0,0,0,1,1,NA,NA,NA,NA,NA,0,"After",2025-07-15,"11:05:00",2025,"Jul",16,"Winter",1752620700,"2 Winter",73.1064213892519,1435.7027457702,0.0683934448572954,0.0139304602285696,"Sandy",3,2,"2",0,"Control",3,4.20526958174621,0.74283059796496,"Waning",56.388275862069,41.58,12.7609698275862,FALSE,"complete"
"5",2,"5_2","Rotoiti","Stone_pile",54730,-38.0222760864304,176.348643537609,150,"Sandy",2025-07-16 10:38:00,"Sunny",NA,0,0,NA,"1","267.55142706578999","1689.6854318227199",10,"Small trees",0,0,1,0,0,0,0,70,30,0,0,NA,0,11.2,10.77,98.2,117.1,158.8,7.94,NA,0,0,0,0,NA,NA,NA,NA,NA,NA,NA,NA,NA,NA,NA,NA,NA,NA,NA,NA,NA,NA,NA,NA,NA,NA,NA,NA,NA,NA,NA,NA,NA,NA,NA,NA,NA,NA,NA,NA,NA,NA,NA,9,2,0,3,0,0,0,0,0,2.25,0.5,0,0.75,0,0,0,0,0,91,0.5,0,10.25,0,0,0,0,0,364,2,NA,41,NA,NA,NA,NA,NA,NA,NA,NA,NA,NA,NA,NA,NA,NA,94.25,2,NA,13.6666666666667,NA,NA,NA,NA,NA,9,2,NA,3,NA,NA,NA,NA,NA,364,2,NA,41,NA,NA,NA,NA,NA,4,4,NA,4,NA,NA,NA,NA,NA,NA,NA,NA,NA,NA,NA,NA,NA,NA,NA,NA,NA,NA,NA,NA,NA,NA,NA,13,2,NA,9,NA,NA,NA,NA,NA,263,2,NA,19,NA,NA,NA,NA,NA,3,3,1,0,0,1,0,1,0,0,0,0,NA,NA,NA,NA,NA,0,"After",2025-07-15,"10:38:00",2025,"Jul",16,"Winter",1752619080,"2 Winter",267.55142706579,1689.68543182272,0.018687996004486,0.0118365227179744,"Sandy",2.4,2,"3",1,"Stone_pile",2.66496,4.20526958174621,0.74283059796496,"Waning",56.388275862069,41.58,12.7609698275862,FALSE,"complete"
"6",2,"6_2","Rotoiti","Control",54730,-38.0218725085535,176.348304238168,150,"Sandy",2025-07-16 10:25:00,"Sunny",NA,0,0,NA,"1","220.524873221001","1741.0626313093101",0,NA,0,0,1,0,0,0,0,100,0,0,1,"Hornwort",0,11.2,10.46,95.3,117.5,159.7,8.15,NA,10,0,0,0,NA,NA,NA,NA,NA,NA,NA,NA,NA,NA,NA,NA,NA,NA,NA,NA,NA,NA,NA,NA,NA,NA,NA,NA,NA,NA,NA,NA,NA,NA,NA,NA,NA,NA,NA,NA,NA,NA,NA,0,4,0,0,0,1,0,0,0,0,1,0,0,0,0.25,0,0,0,188.75,1,0,0,0,1.5,0,0,0,755,4,NA,NA,NA,6,NA,NA,NA,NA,NA,NA,NA,NA,65,NA,NA,NA,208.75,4,NA,NA,NA,6,NA,NA,NA,0,4,NA,NA,NA,1,NA,NA,NA,755,4,NA,NA,NA,6,NA,NA,NA,4,4,NA,NA,NA,4,NA,NA,NA,NA,NA,NA,NA,NA,65,NA,NA,NA,NA,NA,NA,NA,NA,65,NA,NA,NA,80,4,NA,NA,NA,6,NA,NA,NA,495,4,NA,NA,NA,6,NA,NA,NA,2,1,1,0,0,1,1,0,0,0,0,0,NA,NA,NA,NA,NA,0,"After",2025-07-15,"10:25:00",2025,"Jul",16,"Winter",1752618300,"2 Winter",220.524873221001,1741.06263130931,0.022673179342401,0.0114872375297376,"Sandy",3,2,"3",0,"Control",3,4.20526958174621,0.74283059796496,"Waning",56.388275862069,41.58,12.7609698275862,FALSE,"complete"
"7",2,"7_2","Rotoiti","Stone_pile",54730,-38.0400700989088,176.368333417899,150,"Sandy",2025-07-16 12:03:00,"Sunny",NA,0,0,NA,"1","130.67824847969601","334.10486413213903",100,"Grass",0,0,0,0,0,0,0,100,0,0,0,NA,0,13,11.45,108.6,121.1,157.1,5.88,NA,0,0,5,40,NA,NA,NA,NA,NA,NA,NA,NA,NA,NA,NA,NA,NA,NA,NA,NA,NA,NA,NA,NA,NA,NA,NA,NA,NA,NA,NA,NA,NA,NA,NA,NA,NA,NA,NA,NA,NA,NA,NA,18,6,0,2,0,13,0,0,0,4.5,1.5,0,0.5,0,3.25,0,0,0,215,1.5,0,17.75,0,13.5,0,0,0,860,6,NA,71,NA,54,NA,NA,NA,NA,NA,NA,38,NA,90.0416666666667,NA,NA,NA,222.5,6,NA,35.5,NA,7.29166666666667,NA,NA,NA,18,6,NA,2,NA,13,NA,NA,NA,860,6,NA,71,NA,54,NA,NA,NA,4,4,NA,4,NA,4,NA,NA,NA,NA,NA,NA,35,NA,50,NA,NA,NA,NA,NA,NA,41,NA,110,NA,NA,NA,30,6,NA,30,NA,1,NA,NA,NA,588,6,NA,41,NA,13,NA,NA,NA,4,15,1,0,0,1,1,1,0,0,0,0,NA,NA,NA,NA,NA,0,"After",2025-07-16,"12:03:00",2025,"Jul",16,"Winter",1752624180,"2 Winter",130.678248479696,334.104864132139,0.0382619147269706,0.0598614451542075,"Sandy",3,2,"4",1,"Stone_pile",3.20373333333333,4.41803829213167,0.645059263003979,"Waning",56.3986206896552,NA,12.7296551724138,TRUE,"complete"
"8",2,"8_2","Rotoiti","Control",54730,-38.0399884269911,176.367640974845,150,"Sandy",2025-07-16 12:00:00,"Windy waves",NA,0,0,NA,"1","69.508184012671805","381.61439291613999",30,"Grass",0,0,0,0,0,0,0,100,0,0,0,NA,0,14.6,10.32,101.4,224.1,280,3.85,NA,0,0,10,10,NA,NA,NA,NA,NA,NA,NA,NA,NA,NA,NA,NA,NA,NA,NA,NA,NA,NA,NA,NA,NA,NA,NA,NA,NA,NA,NA,NA,NA,NA,NA,NA,NA,NA,NA,NA,NA,NA,NA,11,0,0,0,0,1,0,0,0,2.75,0,0,0,0,0.25,0,0,0,187,0,0,0,0,8.75,0,0,0,748,NA,NA,NA,NA,35,NA,NA,NA,NA,NA,NA,NA,NA,155,NA,NA,NA,192.5,NA,NA,NA,NA,35,NA,NA,NA,11,NA,NA,NA,NA,1,NA,NA,NA,748,NA,NA,NA,NA,35,NA,NA,NA,4,NA,NA,NA,NA,4,NA,NA,NA,NA,NA,NA,NA,NA,155,NA,NA,NA,NA,NA,NA,NA,NA,155,NA,NA,NA,22,NA,NA,NA,NA,35,NA,NA,NA,557,NA,NA,NA,NA,35,NA,NA,NA,2,1,1,0,0,0,1,0,0,0,0,0,NA,NA,NA,NA,NA,0,"After",2025-07-16,"12:00:00",2025,"Jul",16,"Winter",1752624000,"2 Winter",69.5081840126718,381.61439291614,0.0719339754163116,0.0524089247451288,"Sandy",3,2,"4",0,"Control",3,4.41803829213167,0.645059263003979,"Waning",56.3986206896552,NA,12.7296551724138,TRUE,"complete"
"9",2,"9_2","Rotoiti","Stone_pile",54730,-38.0149838,176.4133799,150,"Sandy",2025-07-16 09:46:00,"Very windy big waves",NA,0,0,NA,"1","168.339491020125","259.826404337621",0,NA,0,0,0,0,5,0,15,80,0,0,0,NA,3,11.9,9.69,89.8,109.7,146.2,8.22,NA,0,0,0,10,NA,NA,NA,NA,NA,NA,NA,NA,NA,NA,NA,NA,NA,NA,NA,NA,NA,NA,NA,NA,NA,NA,NA,NA,NA,NA,NA,NA,NA,NA,NA,NA,NA,NA,NA,NA,NA,NA,NA,17,5,0,50,0,6,0,1,0,4.25,1.25,0,12.5,0,1.5,0,0.25,0,314.25,1.25,0,188,0,37.25,0,44,0,1257,5,NA,752,NA,149,NA,176,NA,NA,NA,NA,26.9950166112957,NA,135.5,NA,255,NA,314.25,5,NA,17.2956810631229,NA,24.8333333333333,NA,176,NA,17,5,NA,50,NA,6,NA,1,NA,1257,5,NA,752,NA,149,NA,176,NA,4,4,NA,4,NA,4,NA,4,NA,NA,NA,NA,14,NA,105,NA,255,NA,NA,NA,NA,41,NA,173,NA,255,NA,17,5,NA,3,NA,10,NA,176,NA,559,5,NA,50,NA,64,NA,176,NA,5,57,1,0,0,1,1,1,0,0,1,1,NA,NA,NA,NA,NA,1,"After",2025-07-15,"09:46:00",2025,"Jul",16,"Winter",1752615960,"2 Winter",168.339491020125,259.826404337621,0.029701883792688,0.076974470901009,"Sandy",3.35,2,"5",1,"Stone_pile",3.61389333333333,4.20526958174621,0.74283059796496,"Waning",56.388275862069,41.58,12.7609698275862,FALSE,"complete"
"10",2,"10_2","Rotoiti","Control",54730,-38.0149894250948,176.414205051426,150,"Rocky",2025-07-16 09:50:00,"Very windy big waves",NA,0,0,NA,"1","138.622117701376","221.36538172916099",20,"Flax",0,0,0,0,0,50,50,0,0,0,0,NA,0,11.9,9.95,92.1,113.3,151.3,7.99,NA,0,0,0,0,NA,NA,NA,NA,NA,NA,NA,NA,NA,NA,NA,NA,NA,NA,NA,NA,NA,NA,NA,NA,NA,NA,NA,NA,NA,NA,NA,NA,NA,NA,NA,NA,NA,NA,NA,NA,NA,NA,NA,3,5,0,19,0,0,1,0,0,0.75,1.25,0,4.75,0,0,0.25,0,0,146,1.25,0,95.5,0,0,148.75,0,0,584,5,NA,382,NA,NA,595,NA,NA,NA,NA,NA,27.7619047619048,NA,NA,330,NA,NA,147.5,5,NA,22.5535714285714,NA,NA,595,NA,NA,3,5,NA,19,NA,NA,1,NA,NA,584,5,NA,382,NA,NA,595,NA,NA,4,4,NA,4,NA,NA,4,NA,NA,NA,NA,NA,13,NA,NA,330,NA,NA,NA,NA,NA,41,NA,NA,330,NA,NA,6,5,NA,2,NA,NA,595,NA,NA,439,5,NA,51,NA,NA,595,NA,NA,4,20,1,0,0,1,0,1,0,1,0,1,NA,NA,NA,NA,NA,1,"After",2025-07-15,"09:50:00",2025,"Jul",16,"Winter",1752616200,"2 Winter",138.622117701376,221.365381729161,0.0360692801618509,0.090348363613918,"Rocky",5,2,"5",1,"Control",5,4.20526958174621,0.74283059796496,"Waning",56.388275862069,41.58,12.7609698275862,FALSE,"complete"
"11",2,"11_2","Rotoiti","Reference",54730,-38.0276056022708,176.40494378912,150,"Rocky",2025-07-31 12:00:00,"Sunny",4.7,0,0,NA,"1","38.942244562325001","121.850769016352",0,"0",0,0,0,0,90,0,0,10,0,0,0,NA,0,12.1,10.24,95.4,114.4,151.7,6.52,NA,0,0,0,0,NA,NA,NA,NA,NA,NA,NA,NA,NA,NA,NA,NA,NA,NA,NA,NA,NA,NA,NA,NA,NA,NA,NA,NA,NA,NA,NA,NA,NA,NA,NA,NA,NA,NA,NA,NA,NA,NA,NA,2,0,3,0,0,5,1,0,0,0.5,0,0.75,0,0,1.25,0.25,0,0,159.75,18.5,14,0,0,25,17.5,0,0,639,74,56,NA,NA,100,70,NA,NA,NA,NA,NA,NA,NA,NA,180,NA,NA,160.25,74,56,NA,NA,100,70,NA,NA,2,0,3,NA,NA,5,1,NA,NA,639,74,56,NA,NA,100,70,NA,NA,4,4,4,NA,NA,4,4,NA,NA,NA,NA,NA,NA,NA,NA,180,NA,NA,NA,NA,NA,NA,NA,NA,180,NA,NA,2,74,56,NA,NA,100,70,NA,NA,513,74,56,NA,NA,100,70,NA,NA,4,9,1,0,1,1,1,0,0,1,0,1,1,0,0,1,1,1,"After",2025-07-31,"12:00:00",2025,"Jul",31,"Winter",1753920000,"2 Winter",38.942244562325,121.850769016352,0.128395269871971,0.164135197187931,"Rocky",6.6,2,"6",0,"Reference_1",6.6,1.32638364073583,0.379006746093826,"Waxing",56.4158620689655,NA,12.1673922413793,TRUE,"complete"
"12",2,"12_2","Rotoiti","Reference",54730,-38.027783,176.4042814,150,"Rocky",2025-07-31 11:50:00,"Sunny",4.7,0,0,NA,"1","70.918634145760194","162.05012479636801",100,"Native forest",100,0,0,0,20,80,0,0,0,0,0,NA,0,12.1,10.24,95.4,114.4,151.7,6.52,NA,0,0,0,0,NA,NA,NA,NA,NA,NA,NA,NA,NA,NA,NA,NA,NA,NA,NA,NA,NA,NA,NA,NA,NA,NA,NA,NA,NA,NA,NA,NA,NA,NA,NA,NA,NA,NA,NA,NA,NA,NA,NA,12,0,1,2,0,29,2,0,0,3,0,0.25,0.5,0,7.25,0.5,0,0,1403.25,0,4.75,9.5,0,112.5,64,0,0,5613,NA,19,38,NA,450,256,NA,NA,NA,NA,NA,29,NA,NA,210,NA,NA,240.75,NA,19,19,NA,64.2857142857143,128,NA,NA,12,NA,1,2,NA,29,2,NA,NA,5613,NA,19,38,NA,450,256,NA,NA,4,NA,4,4,NA,4,4,NA,NA,NA,NA,NA,23,NA,NA,210,NA,NA,NA,NA,NA,35,NA,NA,210,NA,NA,15,NA,19,7,NA,8,128,NA,NA,608,NA,19,31,NA,200,128,NA,NA,5,34,1,0,1,0,1,1,0,1,0,1,NA,NA,NA,NA,NA,1,"After",2025-07-30,"11:50:00",2025,"Jul",31,"Winter",1753919400,"2 Winter",70.9186341457602,162.050124796368,0.0705033318848671,0.123418602886804,"Rocky",6.2,2,"6",1,"Reference_2",6.2,1.11361493035037,0.279289634961614,"Waxing",56.4031034482759,NA,12.2058405172414,TRUE,"complete"
"13",2,"13_2","Rotoiti","Reference",54730,-38.0401949,176.3586787,150,"Sandy",2025-07-31 10:30:00,"Sunny",4.7,0,0,NA,"1","63.335015819361701","218.54441100186699",100,"Native forest",100,0,0,10,0,0,10,80,0,0,0,NA,0,11.9,10.42,96.4,126.2,168.5,6.45,NA,0,0,0,0,NA,NA,NA,NA,NA,NA,NA,NA,NA,NA,NA,NA,NA,NA,NA,NA,NA,NA,NA,NA,NA,NA,NA,NA,NA,NA,NA,NA,NA,NA,NA,NA,NA,NA,NA,NA,NA,NA,NA,14,0,1,1,0,0,0,0,0,3.5,0,0.25,0.25,0,0,0,0,0,709.25,63.75,12.5,6.25,0,0,0,0,0,2837,255,50,25,NA,NA,NA,NA,NA,NA,NA,90,33,NA,NA,NA,NA,NA,292.5,255,50,25,NA,NA,NA,NA,NA,14,0,1,1,NA,NA,NA,NA,NA,2837,255,50,25,NA,NA,NA,NA,NA,4,4,4,4,NA,NA,NA,NA,NA,NA,NA,90,33,NA,NA,NA,NA,NA,NA,NA,90,33,NA,NA,NA,NA,NA,22,255,50,25,NA,NA,NA,NA,NA,630,255,50,25,NA,NA,NA,NA,NA,3,2,1,0,1,1,0,1,0,0,0,0,NA,NA,NA,NA,NA,0,"After",2025-07-30,"10:30:00",2025,"Jul",31,"Winter",1753914600,"2 Winter",63.3350158193617,218.544411001867,0.0789452711950138,0.0915145800723732,"Sandy",3.6,2,"7",1,"Reference_1",3.6,1.11361493035037,0.279289634961614,"Waxing",56.4031034482759,NA,12.2058405172414,TRUE,"complete"
"14",2,"14_2","Rotoiti","Reference",54730,-38.0398114,176.3581623,150,"Sandy",2025-07-31 10:40:00,"Sunny",4.7,0,0,"1 Fyke had big hole in the top where it was repaired, the other fyke entrance was closed.","1","59.880478669367001","183.12960987940701",100,"Native forest",100,0,0,10,0,0,0,90,0,0,0,NA,0,11.9,10.42,96.4,126.2,168.5,6.45,NA,0,0,0,20,NA,NA,NA,NA,NA,NA,NA,NA,NA,NA,NA,NA,NA,NA,NA,NA,NA,NA,NA,NA,NA,NA,NA,NA,NA,NA,NA,NA,NA,NA,NA,NA,NA,NA,NA,NA,NA,NA,NA,5,6,1,0,0,2,0,0,0,1.25,1.5,0.25,0,0,0.5,0,0,0,431.75,1.5,10.75,0,0,5.25,0,0,0,1727,6,43,NA,NA,21,NA,NA,NA,NA,NA,120,NA,NA,92.5,NA,NA,NA,289.833333333333,6,43,NA,NA,10.5,NA,NA,NA,5,6,1,NA,NA,2,NA,NA,NA,1727,6,43,NA,NA,21,NA,NA,NA,4,4,4,NA,NA,4,NA,NA,NA,NA,NA,120,NA,NA,85,NA,NA,NA,NA,NA,120,NA,NA,100,NA,NA,NA,6,6,43,NA,NA,8,NA,NA,NA,635,6,43,NA,NA,13,NA,NA,NA,4,3,1,0,1,1,1,0,0,0,0,0,NA,NA,NA,NA,NA,0,"After",2025-07-30,"10:40:00",2025,"Jul",31,"Winter",1753915200,"2 Winter",59.880478669367,183.129609879407,0.083499666520833,0.109212267820426,"Sandy",3.5,2,"7",0,"Reference_2",3.5,1.11361493035037,0.279289634961614,"Waxing",56.4031034482759,NA,12.2058405172414,TRUE,"complete"
"15",2,"15_2","Rotoiti","Reference",54730,-38.0354320054637,176.345087343881,150,"Rocky",2025-07-31 10:15:00,"Sunny",4.7,0,0,NA,"1","57.9411293181277","639.03395274642901",100,"Native forest",100,0,0,50,0,0,0,20,0,30,1,"Hornwort",6,11.6,10.2,93.9,114.9,154.3,7.12,NA,0,0,0,0,NA,NA,NA,NA,NA,NA,NA,NA,NA,NA,NA,NA,NA,NA,NA,NA,NA,NA,NA,NA,NA,NA,NA,NA,NA,NA,NA,NA,NA,NA,NA,NA,NA,NA,NA,NA,NA,NA,NA,15,0,0,4,0,18,0,0,0,3.75,0,0,1,0,4.5,0,0,0,307.5,97,0,23.5,0,60.5,0,0,0,1230,388,NA,94,NA,242,NA,NA,NA,NA,NA,NA,31.25,NA,145,NA,NA,NA,210.666666666667,194,NA,23.5,NA,60.5,NA,NA,NA,15,0,NA,4,NA,18,NA,NA,NA,1230,388,NA,94,NA,242,NA,NA,NA,4,4,NA,4,NA,4,NA,NA,NA,NA,NA,NA,23,NA,145,NA,NA,NA,NA,NA,NA,39,NA,145,NA,NA,NA,17,66,NA,13,NA,5,NA,NA,NA,625,322,NA,33,NA,204,NA,NA,NA,3,22,1,0,0,1,1,1,0,0,0,0,NA,NA,NA,NA,NA,0,"After",2025-07-30,"10:15:00",2025,"Jul",31,"Winter",1753913700,"2 Winter",57.9411293181277,639.033952746429,0.0862944864700053,0.0312972415848084,"Rocky",5.2,2,"8",1,"Reference_1",5.2,1.11361493035037,0.279289634961614,"Waxing",56.4031034482759,NA,12.2058405172414,TRUE,"complete"
"16",2,"16_2","Rotoiti","Reference",54730,-38.035946522854,176.345727107707,150,"Rocky",2025-07-31 10:00:00,"Sunny",4.7,0,0,NA,"1","27.586278169075001","565.61863728637502",100,"Native forest",100,0,0,50,0,0,0,20,0,30,0,NA,2,11.8,10.26,94.8,115.7,154.8,7.64,NA,0,0,0,0,NA,NA,NA,NA,NA,NA,NA,NA,NA,NA,NA,NA,NA,NA,NA,NA,NA,NA,NA,NA,NA,NA,NA,NA,NA,NA,NA,NA,NA,NA,NA,NA,NA,NA,NA,NA,NA,NA,NA,15,0,0,0,0,0,0,0,0,5,0,0,0,0,0,0,0,0,90.6666666666667,33.3333333333333,0,0,0,0,0,0,0,272,100,NA,NA,NA,NA,NA,NA,NA,NA,NA,NA,NA,NA,NA,NA,NA,NA,136,100,NA,NA,NA,NA,NA,NA,NA,15,0,NA,NA,NA,NA,NA,NA,NA,272,100,NA,NA,NA,NA,NA,NA,NA,3,3,NA,NA,NA,NA,NA,NA,NA,NA,NA,NA,NA,NA,NA,NA,NA,NA,NA,NA,NA,NA,NA,NA,NA,NA,NA,10,100,NA,NA,NA,NA,NA,NA,NA,262,100,NA,NA,NA,NA,NA,NA,NA,1,0,1,0,0,1,0,0,0,0,0,0,NA,NA,NA,NA,NA,0,"After",2025-07-30,"10:00:00",2025,"Jul",31,"Winter",1753912800,"2 Winter",27.586278169075,565.618637286375,0.181249531718459,0.0353595137811449,"Rocky",5.2,2,"8",0,"Reference_2",5.2,1.11361493035037,0.279289634961614,"Waxing",56.4031034482759,NA,12.2058405172414,TRUE,"complete"
"17",2,"17_2","Rotoiti","Reference",54730,-38.0174132,176.3755268,150,"Rocky",2025-07-31 11:00:00,"Sunny",4.7,0,0,NA,"1","13.9155980353024","411.55710413086803",100,"Native forest",100,0,0,0,50,0,0,50,0,0,0,NA,30,12.3,10.02,98.6,115.3,152.3,6.39,NA,0,0,0,0,NA,NA,NA,NA,NA,NA,NA,NA,NA,NA,NA,NA,NA,NA,NA,NA,NA,NA,NA,NA,NA,NA,NA,NA,NA,NA,NA,NA,NA,NA,NA,NA,NA,NA,NA,NA,NA,NA,NA,18,0,11,8,0,4,0,0,0,4.5,0,2.75,2,0,1,0,0,0,139.75,6.25,97.75,39.5,0,23.75,0,0,0,559,25,391,158,NA,95,NA,NA,NA,NA,NA,109.909090909091,24.8571428571429,NA,120,NA,NA,NA,279.5,25,35.5454545454545,13,NA,23.75,NA,NA,NA,18,0,11,8,NA,4,NA,NA,NA,559,25,391,158,NA,95,NA,NA,NA,4,4,4,4,NA,4,NA,NA,NA,NA,NA,88,12,NA,80,NA,NA,NA,NA,NA,163,37,NA,180,NA,NA,NA,7,25,13,2,NA,4,NA,NA,NA,552,25,99,39,NA,71,NA,NA,NA,4,23,1,0,1,1,1,1,0,0,0,0,NA,NA,NA,NA,NA,1,"After",2025-07-30,"11:00:00",2025,"Jul",31,"Winter",1753916400,"2 Winter",13.9155980353024,411.557104130868,0.359309027705136,0.0485959294573138,"Rocky",5,2,"9",1,"Reference_1",5,1.11361493035037,0.279289634961614,"Waxing",56.4031034482759,NA,12.2058405172414,TRUE,"complete"
"18",2,"18_2","Rotoiti","Reference",54730,-38.0172588,176.3757789,150,"Rocky",2025-07-31 11:10:00,"Sunny",4.7,0,0,NA,"1","10.2582815366794","393.99543134125298",100,"Native forest",100,0,0,0,80,0,0,20,0,0,0,NA,7,12.3,10.02,98.6,115.3,152.3,6.39,NA,0,0,0,0,NA,NA,NA,NA,NA,NA,NA,NA,NA,NA,NA,NA,NA,NA,NA,NA,NA,NA,NA,NA,NA,NA,NA,NA,NA,NA,NA,NA,NA,NA,NA,NA,NA,NA,NA,NA,NA,NA,NA,1,1,9,0,0,0,3,0,0,0.25,0.25,2.25,0,0,0,0.75,0,0,24,0.25,106.5,0,0,0,317.75,0,0,96,1,426,NA,NA,NA,1271,NA,NA,NA,NA,123.111111111111,NA,NA,NA,288.333333333333,NA,NA,48,1,47.3333333333333,NA,NA,NA,423.666666666667,NA,NA,1,1,9,NA,NA,NA,3,NA,NA,96,1,426,NA,NA,NA,1271,NA,NA,4,4,4,NA,NA,NA,4,NA,NA,NA,NA,94,NA,NA,NA,180,NA,NA,NA,NA,205,NA,NA,NA,355,NA,NA,1,1,13,NA,NA,NA,71,NA,NA,95,1,195,NA,NA,NA,600,NA,NA,4,12,1,0,1,1,0,0,0,1,0,1,NA,NA,NA,NA,NA,1,"After",2025-07-30,"11:10:00",2025,"Jul",31,"Winter",1753917000,"2 Winter",10.2582815366794,393.995431341253,0.487411071934617,0.0507620099347734,"Rocky",6.2,2,"9",0,"Reference_2",6.2,1.11361493035037,0.279289634961614,"Waxing",56.4031034482759,NA,12.2058405172414,TRUE,"complete"
"19",2,"19_2","Rotoiti","Reference",54730,-38.01677,176.421,150,"Rocky",2025-07-31 11:20:00,"Sunny",4.7,0,0,"Both Fyke lose wind from south started in the middle of the night","1","142.69564315661299","187.90193049333001",100,"Native forest",100,0,0,0,0,90,0,10,0,0,1,"Hornwort",4,12.2,9.93,92.6,116.3,153.8,6.59,NA,0,0,0,0,NA,NA,NA,NA,NA,NA,NA,NA,NA,NA,NA,NA,NA,NA,NA,NA,NA,NA,NA,NA,NA,NA,NA,NA,NA,NA,NA,NA,NA,NA,NA,NA,NA,NA,NA,NA,NA,NA,NA,1,0,0,24,0,81,0,0,0,0.25,0,0,6,0,20.25,0,0,0,207.75,86.75,0,94,0,279.5,0,0,0,831,347,NA,376,NA,1118,NA,NA,NA,NA,NA,NA,27.1214285714286,NA,163.75,NA,NA,NA,138.833333333333,173.5,NA,15.7,NA,86,NA,NA,NA,1,0,NA,24,NA,81,NA,NA,NA,831,347,NA,376,NA,1118,NA,NA,NA,4,4,NA,4,NA,4,NA,NA,NA,NA,NA,NA,18,NA,80,NA,NA,NA,NA,NA,NA,40,NA,200,NA,NA,NA,1,117,NA,6,NA,3,NA,NA,NA,480,230,NA,44,NA,180,NA,NA,NA,3,105,1,0,0,1,1,1,0,0,0,0,NA,NA,NA,NA,NA,1,"After",2025-07-30,"11:20:00",2025,"Jul",31,"Winter",1753917600,"2 Winter",142.695643156613,187.90193049333,0.0350396122081481,0.106438501975422,"Rocky",5.7,2,"10",1,"Reference_1",5.7,1.11361493035037,0.279289634961614,"Waxing",56.4031034482759,NA,12.2058405172414,TRUE,"compromised"
"20",2,"20_2","Rotoiti","Reference",54730,-38.0170202210521,176.420489675691,150,"Rocky",2025-07-31 11:30:00,"Sunny",4.7,0,0,"Both Fyke lose wind from south started in the middle of the night","1","112.65205053481201","153.52894194799001",100,"Native forest",100,0,0,0,0,90,0,10,0,0,1,"Hornwort",0,12.2,9.93,92.6,116.3,153.8,6.59,NA,0,0,0,0,NA,NA,NA,NA,NA,NA,NA,NA,NA,NA,NA,NA,NA,NA,NA,NA,NA,NA,NA,NA,NA,NA,NA,NA,NA,NA,NA,NA,NA,NA,NA,NA,NA,NA,NA,NA,NA,NA,NA,0,0,0,12,0,8,0,0,0,0,0,0,3,0,2,0,0,0,48.25,45,0,58.75,0,20,0,0,0,193,180,NA,235,NA,80,NA,NA,NA,NA,NA,NA,26.7222222222222,NA,NA,NA,NA,NA,193,180,NA,15.5,NA,80,NA,NA,NA,0,0,NA,12,NA,8,NA,NA,NA,193,180,NA,235,NA,80,NA,NA,NA,4,4,NA,4,NA,4,NA,NA,NA,NA,NA,NA,14,NA,NA,NA,NA,NA,NA,NA,NA,42,NA,NA,NA,NA,NA,193,180,NA,3,NA,80,NA,NA,NA,193,180,NA,50,NA,80,NA,NA,NA,2,20,1,0,0,1,1,1,0,0,0,0,NA,NA,NA,NA,NA,1,"After",2025-07-30,"11:30:00",2025,"Jul",31,"Winter",1753918200,"2 Winter",112.652050534812,153.52894194799,0.0443844561751221,0.130268597869809,"Rocky",5.7,2,"10",1,"Reference_2",5.7,1.11361493035037,0.279289634961614,"Waxing",56.4031034482759,NA,12.2058405172414,TRUE,"compromised"
"1",3,"1_3","Rotoiti","Stone_pile",54730,-38.0526673079263,176.47144524762,150,"Rocky",2025-10-21 12:58:00,"Windy waves",NA,0,0,"Both Fyke and boxes lose and wased to shore due to heavy wind","1","82.9889020904982","164.45001973472199",0,NA,10,100,0,0,30,30,10,30,0,0,0,NA,0,15.7,10.66,107.3,116.9,142.2,6.5,NA,0,0,0,0,NA,NA,NA,NA,NA,NA,NA,NA,NA,NA,NA,NA,NA,NA,NA,NA,NA,NA,NA,NA,NA,NA,NA,NA,NA,NA,NA,NA,NA,NA,NA,NA,NA,NA,NA,NA,NA,NA,NA,NA,NA,NA,NA,NA,NA,NA,NA,NA,NA,NA,NA,NA,NA,NA,NA,NA,NA,NA,NA,NA,NA,NA,NA,NA,NA,NA,NA,NA,NA,NA,NA,NA,NA,NA,NA,NA,NA,NA,NA,NA,NA,NA,NA,NA,NA,NA,NA,NA,NA,NA,NA,NA,NA,NA,NA,NA,NA,NA,NA,NA,NA,NA,NA,NA,NA,NA,NA,NA,NA,NA,NA,NA,NA,NA,NA,NA,NA,NA,NA,NA,NA,NA,NA,NA,NA,NA,NA,NA,NA,NA,NA,NA,NA,NA,NA,NA,NA,NA,NA,NA,NA,NA,NA,NA,NA,NA,NA,NA,NA,NA,NA,NA,NA,NA,NA,NA,NA,NA,NA,NA,NA,NA,NA,NA,NA,NA,NA,NA,NA,NA,NA,NA,NA,1,"After",2025-10-20,"12:58:00",2025,"Oct",21,"Spring",1761004680,"3 Spring",82.9889020904982,164.450019734722,0.0602490197369712,0.121617498327227,"Rocky",5.2,3,"1",NA,"Stone_pile",5.55797333333333,5.99427856760852,0.0207220384762931,"New",56.4004166666667,NA,14.1686371527778,TRUE,"compromised"
"2",3,"2_3","Rotoiti","Control",54730,-38.0529135570371,176.470933127575,150,"Rocky",2025-10-21 13:18:00,"Windy waves",NA,0,0,"Both Fyke and boxes lose and wased to shore due to heavy wind","1","105.445519540936","180.302636624781",70,"Flax",0,0,0,0,20,20,0,60,0,0,0,NA,0,15.6,11.21,112.6,118,143.9,7.7,NA,0,0,0,0,NA,NA,NA,NA,NA,NA,NA,NA,NA,NA,NA,NA,NA,NA,NA,NA,NA,NA,NA,NA,NA,NA,NA,NA,NA,NA,NA,NA,NA,NA,NA,NA,NA,NA,NA,NA,NA,NA,NA,NA,NA,NA,NA,NA,NA,NA,NA,NA,NA,NA,NA,NA,NA,NA,NA,NA,NA,NA,NA,NA,NA,NA,NA,NA,NA,NA,NA,NA,NA,NA,NA,NA,NA,NA,NA,NA,NA,NA,NA,NA,NA,NA,NA,NA,NA,NA,NA,NA,NA,NA,NA,NA,NA,NA,NA,NA,NA,NA,NA,NA,NA,NA,NA,NA,NA,NA,NA,NA,NA,NA,NA,NA,NA,NA,NA,NA,NA,NA,NA,NA,NA,NA,NA,NA,NA,NA,NA,NA,NA,NA,NA,NA,NA,NA,NA,NA,NA,NA,NA,NA,NA,NA,NA,NA,NA,NA,NA,NA,NA,NA,NA,NA,NA,NA,NA,NA,NA,NA,NA,NA,NA,NA,NA,NA,NA,NA,NA,NA,NA,NA,NA,NA,NA,1,"After",2025-10-21,"13:18:00",2025,"Oct",21,"Spring",1761005880,"3 Spring",105.445519540936,180.302636624781,0.047417851623927,0.110924611943535,"Rocky",4.4,3,"1",NA,"Control",4.4,6.20704727799435,0.00144854989892623,"New",56.4166666666667,NA,14.3038107638889,TRUE,"compromised"
"3",3,"3_3","Rotoiti","Stone_pile",54730,-38.047698100528,176.341122568488,150,"Sandy",2025-10-21 11:31:00,"Sunny",NA,0,0,NA,"1","75.103042747696705","1429.22107248619",100,"grass",0,0,0,0,0,0,0,100,0,0,1,"Three-leaved milfoil",0,15.6,10.37,104.3,128,155.9,7.45,NA,0,0,0,0,NA,NA,NA,NA,NA,NA,NA,NA,NA,NA,NA,NA,NA,NA,NA,NA,NA,NA,NA,NA,NA,NA,NA,NA,NA,NA,NA,NA,NA,NA,NA,NA,NA,NA,NA,NA,NA,NA,NA,8,0,0,0,0,1,0,0,0,2,0,0,0,0,0.25,0,0,0,475,0,0,0,0,0,0,0,0,1900,NA,NA,NA,NA,0,NA,NA,NA,NA,NA,NA,NA,NA,75,NA,NA,NA,1900,NA,NA,NA,NA,NA,NA,NA,NA,8,NA,NA,NA,NA,1,NA,NA,NA,1900,NA,NA,NA,NA,0,NA,NA,NA,4,NA,NA,NA,NA,4,NA,NA,NA,NA,NA,NA,NA,NA,75,NA,NA,NA,NA,NA,NA,NA,NA,75,NA,NA,NA,1900,NA,NA,NA,NA,NA,NA,NA,NA,1900,NA,NA,NA,NA,NA,NA,NA,NA,2,1,1,0,0,0,1,0,0,0,0,0,1,0,0,1,1,0,"After",2025-10-20,"11:31:00",2025,"Oct",21,"Spring",1760999460,"3 Spring",75.1030427476967,1429.22107248619,0.0665751987811884,0.0139936363834947,"Sandy",3,3,"2",0,"Stone_pile",3.22144,5.99427856760852,0.0207220384762931,"New",56.4004166666667,NA,14.1686371527778,TRUE,"complete"
"4",3,"4_3","Rotoiti","Control",54730,-38.0480187161085,176.341484639114,150,"Sandy",2025-10-21 11:13:00,"Sunny",NA,0,0,NA,"1","73.106421389251906","1435.7027457702",80,"grass+flax",5,0,0,0,0,0,0,100,0,0,1,"Three-leaved milfoil",0,15.7,10.33,103.9,129.2,157.3,7.61,NA,0,0,0,0,NA,NA,NA,NA,NA,NA,NA,NA,NA,NA,NA,NA,NA,NA,NA,NA,NA,NA,NA,NA,NA,NA,NA,NA,NA,NA,NA,NA,NA,NA,NA,NA,NA,NA,NA,NA,NA,NA,NA,2,0,2,0,0,2,0,0,0,0.5,0,0.5,0,0,0.5,0,0,0,475,0,0,0,0,0,0,0,0,1900,NA,0,NA,NA,0,NA,NA,NA,NA,NA,92,NA,NA,96.5,NA,NA,NA,1900,NA,NA,NA,NA,NA,NA,NA,NA,2,NA,2,NA,NA,2,NA,NA,NA,1900,NA,0,NA,NA,0,NA,NA,NA,4,NA,4,NA,NA,4,NA,NA,NA,NA,NA,85,NA,NA,78,NA,NA,NA,NA,NA,99,NA,NA,115,NA,NA,NA,1900,NA,NA,NA,NA,NA,NA,NA,NA,1900,NA,NA,NA,NA,NA,NA,NA,NA,3,4,1,0,1,0,1,0,0,0,0,0,0,0,1,1,1,0,"After",2025-10-20,"11:13:00",2025,"Oct",21,"Spring",1760998380,"3 Spring",73.1064213892519,1435.7027457702,0.0683934448572954,0.0139304602285696,"Sandy",3,3,"2",0,"Control",3,5.99427856760852,0.0207220384762931,"New",56.4004166666667,NA,14.1686371527778,TRUE,"complete"
"5",3,"5_3","Rotoiti","Stone_pile",54730,-38.0222760864304,176.348643537609,150,"Sandy",2025-10-21 10:46:00,"Sunny",NA,0,0,NA,"1","267.55142706578999","1689.6854318227199",10,"Small trees",0,0,1,0,0,0,0,70,30,0,0,NA,0,16.4,9.97,102,142.6,170.6,7.48,NA,0,0,50,0,NA,NA,NA,NA,NA,NA,NA,NA,NA,NA,NA,NA,NA,NA,NA,NA,NA,NA,NA,NA,NA,NA,NA,NA,NA,NA,NA,NA,NA,NA,NA,NA,NA,NA,NA,NA,NA,NA,NA,20,31,38,5,0,0,2,0,0,5,7.75,9.5,1.25,0,0,0.5,0,0,200,0,0,0,0,0,0,0,0,800,0,0,0,NA,NA,0,NA,NA,NA,NA,124.236842105263,34.6,NA,NA,350,NA,NA,800,NA,NA,NA,NA,NA,NA,NA,NA,20,31,38,5,NA,NA,2,NA,NA,800,0,0,0,NA,NA,0,NA,NA,4,4,4,4,NA,NA,4,NA,NA,NA,NA,50,29,NA,NA,330,NA,NA,NA,NA,220,44,NA,NA,370,NA,NA,800,NA,NA,NA,NA,NA,NA,NA,NA,800,NA,NA,NA,NA,NA,NA,NA,NA,5,45,1,0,1,1,0,1,0,1,0,1,NA,NA,NA,NA,NA,0,"After",2025-10-20,"10:46:00",2025,"Oct",21,"Spring",1760996760,"3 Spring",267.55142706579,1689.68543182272,0.018687996004486,0.0118365227179744,"Sandy",2.4,3,"3",1,"Stone_pile",2.66496,5.99427856760852,0.0207220384762931,"New",56.4004166666667,NA,14.1686371527778,TRUE,"complete"
"6",3,"6_3","Rotoiti","Control",54730,-38.0218725085535,176.348304238168,150,"Sandy",2025-10-21 10:31:00,"Sunny",NA,0,0,NA,"1","220.524873221001","1741.0626313093101",0,NA,0,0,1,0,0,0,0,100,0,0,1,"Hornwort",0,16.2,9.6,97.7,143.6,172.6,7.93,NA,10,0,0,0,NA,NA,NA,NA,NA,NA,NA,NA,NA,NA,NA,NA,NA,NA,NA,NA,NA,NA,NA,NA,NA,NA,NA,NA,NA,NA,NA,NA,NA,NA,NA,NA,NA,NA,NA,NA,NA,NA,NA,6,0,29,1,0,0,2,1,0,1.5,0,7.25,0.25,0,0,0.5,0.25,0,75,0,0,0,0,0,0,0,0,300,NA,0,0,NA,NA,0,0,NA,NA,NA,132.172413793103,23,NA,NA,95,40,NA,300,NA,NA,NA,NA,NA,NA,NA,NA,6,NA,29,1,NA,NA,2,1,NA,300,NA,0,0,NA,NA,0,0,NA,4,NA,4,4,NA,NA,4,4,NA,NA,NA,60,23,NA,NA,90,40,NA,NA,NA,200,23,NA,NA,100,40,NA,300,NA,NA,NA,NA,NA,NA,NA,NA,300,NA,NA,NA,NA,NA,NA,NA,NA,5,33,1,0,1,0,0,1,0,1,1,1,1,0,0,1,1,0,"After",2025-10-20,"10:31:00",2025,"Oct",21,"Spring",1760995860,"3 Spring",220.524873221001,1741.06263130931,0.022673179342401,0.0114872375297376,"Sandy",3,3,"3",1,"Control",3,5.99427856760852,0.0207220384762931,"New",56.4004166666667,NA,14.1686371527778,TRUE,"complete"
"7",3,"7_3","Rotoiti","Stone_pile",54730,-38.0400700989088,176.368333417899,150,"Sandy",2025-10-21 12:24:00,"Sunny",NA,0,0,NA,"1","130.67824847969601","334.10486413213903",100,"Grass",0,0,0,0,0,0,0,100,0,0,0,NA,0,17.3,10.26,106.8,168.3,197.5,4.97,NA,0,0,5,40,NA,NA,NA,NA,NA,NA,NA,NA,NA,NA,NA,NA,NA,NA,NA,NA,NA,NA,NA,NA,NA,NA,NA,NA,NA,NA,NA,NA,NA,NA,NA,NA,NA,NA,NA,NA,NA,NA,NA,0,10,11,4,0,21,0,0,0,0,2.5,2.75,1,0,5.25,0,0,0,75,0,0,0,0,0,0,0,0,300,0,0,0,NA,0,NA,NA,NA,NA,NA,162.181818181818,32.8333333333333,NA,74.5238095238095,NA,NA,NA,300,NA,NA,NA,NA,NA,NA,NA,NA,0,10,11,4,NA,21,NA,NA,NA,300,0,0,0,NA,0,NA,NA,NA,4,4,4,4,NA,4,NA,NA,NA,NA,NA,102,29,NA,60,NA,NA,NA,NA,NA,205,40,NA,110,NA,NA,NA,300,NA,NA,NA,NA,NA,NA,NA,NA,300,NA,NA,NA,NA,NA,NA,NA,NA,4,36,1,0,1,1,1,1,0,0,0,0,NA,NA,NA,NA,NA,0,"After",2025-10-20,"12:24:00",2025,"Oct",21,"Spring",1761002640,"3 Spring",130.678248479696,334.104864132139,0.0382619147269706,0.0598614451542075,"Sandy",3,3,"4",1,"Stone_pile",3.20373333333333,5.99427856760852,0.0207220384762931,"New",56.4004166666667,NA,14.1686371527778,TRUE,"complete"
"8",3,"8_3","Rotoiti","Control",54730,-38.0399884269911,176.367640974845,150,"Sandy",2025-10-21 12:19:00,"Sunny",NA,0,0,NA,"1","69.508184012671805","381.61439291613999",30,"Grass",0,0,0,0,0,0,0,100,0,0,0,NA,0,16.7,10.31,106.1,162.9,193.4,6.16,NA,0,0,10,10,NA,NA,NA,NA,NA,NA,NA,NA,NA,NA,NA,NA,NA,NA,NA,NA,NA,NA,NA,NA,NA,NA,NA,NA,NA,NA,NA,NA,NA,NA,NA,NA,NA,NA,NA,NA,NA,NA,NA,0,3,0,0,0,4,0,0,0,0,0.75,0,0,0,1,0,0,0,50,0,0,0,0,0,0,0,0,200,0,NA,NA,NA,0,NA,NA,NA,NA,NA,NA,NA,NA,78.75,NA,NA,NA,200,NA,NA,NA,NA,NA,NA,NA,NA,0,3,NA,NA,NA,4,NA,NA,NA,200,0,NA,NA,NA,0,NA,NA,NA,4,4,NA,NA,NA,4,NA,NA,NA,NA,NA,NA,NA,NA,60,NA,NA,NA,NA,NA,NA,NA,NA,95,NA,NA,NA,200,NA,NA,NA,NA,NA,NA,NA,NA,200,NA,NA,NA,NA,NA,NA,NA,NA,2,4,1,0,0,1,1,0,0,0,0,0,NA,NA,NA,NA,NA,0,"After",2025-10-20,"12:19:00",2025,"Oct",21,"Spring",1761002340,"3 Spring",69.5081840126718,381.61439291614,0.0719339754163116,0.0524089247451288,"Sandy",3,3,"4",0,"Control",3,5.99427856760852,0.0207220384762931,"New",56.4004166666667,NA,14.1686371527778,TRUE,"complete"
"9",3,"9_3","Rotoiti","Stone_pile",54730,-38.0149838,176.4133799,150,"Sandy",2025-10-21 09:42:00,"Sunny",NA,0,0,NA,"1","168.339491020125","259.826404337621",0,NA,0,0,0,0,5,0,15,80,0,0,0,NA,3,14.8,10.25,101.3,121.2,150.4,8.24,NA,0,0,0,10,NA,NA,NA,NA,NA,NA,NA,NA,NA,NA,NA,NA,NA,NA,NA,NA,NA,NA,NA,NA,NA,NA,NA,NA,NA,NA,NA,NA,NA,NA,NA,NA,NA,NA,NA,NA,NA,NA,NA,2,40,2,18,0,0,1,0,0,0.5,10,0.5,4.5,0,0,0.25,0,0,150,0,0,0,0,0,0,0,0,600,0,0,0,NA,NA,0,NA,NA,NA,NA,174,30.1607142857143,NA,NA,350,NA,NA,600,NA,NA,NA,NA,NA,NA,NA,NA,2,40,2,18,NA,NA,1,NA,NA,600,0,0,0,NA,NA,0,NA,NA,4,4,4,4,NA,NA,4,NA,NA,NA,NA,170,23,NA,NA,350,NA,NA,NA,NA,178,40,NA,NA,350,NA,NA,600,NA,NA,NA,NA,NA,NA,NA,NA,600,NA,NA,NA,NA,NA,NA,NA,NA,5,21,1,0,1,1,0,1,0,1,0,1,NA,NA,NA,NA,NA,1,"After",2025-10-20,"09:42:00",2025,"Oct",21,"Spring",1760992920,"3 Spring",168.339491020125,259.826404337621,0.029701883792688,0.076974470901009,"Sandy",3.35,3,"5",1,"Stone_pile",3.61389333333333,5.99427856760852,0.0207220384762931,"New",56.4004166666667,NA,14.1686371527778,TRUE,"complete"
"10",3,"10_3","Rotoiti","Control",54730,-38.0149894250948,176.414205051426,150,"Rocky",2025-10-21 09:42:00,"Sunny",NA,0,0,NA,"1","138.622117701376","221.36538172916099",20,"Flax",0,0,0,0,0,50,50,0,0,0,0,NA,0,14.8,10.25,101.3,121.2,150.4,8.24,NA,0,0,0,0,NA,NA,NA,NA,NA,NA,NA,NA,NA,NA,NA,NA,NA,NA,NA,NA,NA,NA,NA,NA,NA,NA,NA,NA,NA,NA,NA,NA,NA,NA,NA,NA,NA,NA,NA,NA,NA,NA,NA,5,4,2,6,0,0,0,0,0,1.25,1,0.5,1.5,0,0,0,0,0,100,0,0,0,0,0,0,0,0,400,0,0,0,NA,NA,NA,NA,NA,NA,NA,126,26.3333333333333,NA,NA,NA,NA,NA,400,NA,NA,NA,NA,NA,NA,NA,NA,5,4,2,6,NA,NA,NA,NA,NA,400,0,0,0,NA,NA,NA,NA,NA,4,4,4,4,NA,NA,NA,NA,NA,NA,NA,101,18,NA,NA,NA,NA,NA,NA,NA,151,33,NA,NA,NA,NA,NA,400,NA,NA,NA,NA,NA,NA,NA,NA,400,NA,NA,NA,NA,NA,NA,NA,NA,4,8,1,0,1,1,0,1,0,0,0,0,NA,NA,NA,NA,NA,1,"After",2025-10-20,"09:42:00",2025,"Oct",21,"Spring",1760992920,"3 Spring",138.622117701376,221.365381729161,0.0360692801618509,0.090348363613918,"Rocky",5,3,"5",1,"Control",5,5.99427856760852,0.0207220384762931,"New",56.4004166666667,NA,14.1686371527778,TRUE,"complete"
"11",3,"11_3","Rotoiti","Reference",54730,-38.0276056022708,176.40494378912,150,"Rocky",2025-11-10 12:39:00,"Cloudy",3.5,0,0,NA,"1","38.942244562325001","121.850769016352",0,"0",0,0,0,0,90,0,0,10,0,0,0,NA,0,20.3,9.99,110.5,139.5,153.4,8.35,NA,0,0,0,0,NA,NA,NA,NA,NA,NA,NA,NA,NA,NA,NA,NA,NA,NA,NA,NA,NA,NA,NA,NA,NA,NA,NA,NA,NA,NA,NA,NA,NA,NA,NA,NA,NA,NA,NA,NA,NA,NA,NA,13,0,11,1,0,1,2,0,0,3.25,0,2.75,0.25,0,0.25,0.5,0,0,508.75,168.25,150,14.25,0,1,139,0,0,2035,673,600,57,NA,4,556,NA,NA,NA,NA,NA,44.79,NA,20,240,NA,NA,678.333333333333,673,600,57,NA,4,278,NA,NA,13,0,11,1,NA,1,2,NA,NA,2035,673,600,57,NA,4,556,NA,NA,4,4,4,4,NA,4,4,NA,NA,NA,NA,NA,44.79,NA,20,190,NA,NA,NA,NA,NA,44.79,NA,20,290,NA,NA,650,673,600,57,NA,4,121,NA,NA,705,673,600,57,NA,4,435,NA,NA,5,15,1,0,1,1,1,1,0,1,0,1,NA,NA,NA,NA,NA,1,"After",2025-11-09,"12:39:00",2025,"Nov",10,"Spring",1762731540,"3 Spring",38.942244562325,121.850769016352,0.128395269871971,0.164135197187931,"Rocky",6.6,3,"6",1,"Reference_1",6.6,3.96646746814072,0.83932445750031,"Waning",56.4565517241379,46.82,17.2311962730756,FALSE,"complete"
"12",3,"12_3","Rotoiti","Reference",54730,-38.027783,176.4042814,150,"Rocky",2025-11-10 12:39:00,"Cloudy",3.5,0,0,NA,"1","70.918634145760194","162.05012479636801",100,"Native forest",100,0,0,0,20,80,0,0,0,0,0,NA,0,20.3,9.99,110.5,139.5,153.4,8.35,NA,0,0,0,0,NA,NA,NA,NA,NA,NA,NA,NA,NA,NA,NA,NA,NA,NA,NA,NA,NA,NA,NA,NA,NA,NA,NA,NA,NA,NA,NA,NA,NA,NA,NA,NA,NA,NA,NA,NA,NA,NA,NA,13,0,6,0,0,1,3,0,0,3.25,0,1.5,0,0,0.25,0.75,0,0,2119,167,205.25,0,0,8.25,4,0,0,8476,668,821,NA,NA,33,16,NA,NA,NA,NA,203.333333333333,NA,NA,145,66,NA,NA,652,668,205.25,NA,NA,33,5.33333333333333,NA,NA,13,0,6,NA,NA,1,3,NA,NA,8476,668,821,NA,NA,33,16,NA,NA,4,4,4,NA,NA,4,4,NA,NA,NA,NA,200,NA,NA,145,55,NA,NA,NA,NA,210,NA,NA,145,80,NA,NA,260,668,177,NA,NA,33,3,NA,NA,755,668,230,NA,NA,33,8,NA,NA,4,10,1,0,1,1,1,0,0,1,0,1,NA,NA,NA,NA,NA,1,"After",2025-11-09,"12:39:00",2025,"Nov",10,"Spring",1762731540,"3 Spring",70.9186341457602,162.050124796368,0.0705033318848671,0.123418602886804,"Rocky",6.2,3,"6",0,"Reference_2",6.2,3.96646746814072,0.83932445750031,"Waning",56.4565517241379,46.82,17.2311962730756,FALSE,"complete"
"13",3,"13_3","Rotoiti","Reference",54730,-38.0401949,176.3586787,150,"Sandy",2025-11-10 11:14:00,"Cloudy",3.5,0,0,NA,"1","63.335015819361701","218.54441100186699",100,"Native forest",100,0,0,10,0,0,10,80,0,0,0,NA,0,20.6,10.37,115.4,148,161.6,8.58,NA,0,0,0,0,NA,NA,NA,NA,NA,NA,NA,NA,NA,NA,NA,NA,NA,NA,NA,NA,NA,NA,NA,NA,NA,NA,NA,NA,NA,NA,NA,NA,NA,NA,NA,NA,NA,NA,NA,NA,NA,NA,NA,1,3,14,0,0,1,0,0,0,0.25,0.75,3.5,0,0,0.25,0,0,0,691.75,0,158.5,0,0,2.5,0,0,0,2767,0,634,NA,NA,10,NA,NA,NA,NA,NA,113.071428571429,NA,NA,95,NA,NA,NA,553.4,NA,45.2857142857143,NA,NA,10,NA,NA,NA,1,3,14,NA,NA,1,NA,NA,NA,2767,0,634,NA,NA,10,NA,NA,NA,4,4,4,NA,NA,4,NA,NA,NA,NA,NA,60,NA,NA,95,NA,NA,NA,NA,NA,190,NA,NA,95,NA,NA,NA,340,NA,5,NA,NA,10,NA,NA,NA,635,NA,156,NA,NA,10,NA,NA,NA,4,15,1,0,1,1,1,0,0,0,0,0,NA,NA,NA,NA,NA,0,"After",2025-11-09,"11:14:00",2025,"Nov",10,"Spring",1762726440,"3 Spring",63.3350158193617,218.544411001867,0.0789452711950138,0.0915145800723732,"Sandy",3.6,3,"7",0,"Reference_1",3.6,3.96646746814072,0.83932445750031,"Waning",56.4565517241379,46.82,17.2311962730756,FALSE,"complete"
"14",3,"14_3","Rotoiti","Reference",54730,-38.0398114,176.3581623,150,"Sandy",2025-11-10 11:14:00,"Cloudy",3.5,0,0,NA,"1","59.880478669367001","183.12960987940701",100,"Native forest",100,0,0,10,0,0,0,90,0,0,0,NA,0,20.6,10.37,115.4,148,161.6,8.58,NA,0,0,0,20,NA,NA,NA,NA,NA,NA,NA,NA,NA,NA,NA,NA,NA,NA,NA,NA,NA,NA,NA,NA,NA,NA,NA,NA,NA,NA,NA,NA,NA,NA,NA,NA,NA,NA,NA,NA,NA,NA,NA,3,0,9,0,0,2,0,0,0,0.75,0,2.25,0,0,0.5,0,0,0,400,0,61,0,0,21,0,0,0,1600,NA,244,NA,NA,84,NA,NA,NA,NA,NA,104.888888888889,NA,NA,150,NA,NA,NA,533.333333333333,NA,27.1111111111111,NA,NA,42,NA,NA,NA,3,NA,9,NA,NA,2,NA,NA,NA,1600,NA,244,NA,NA,84,NA,NA,NA,4,NA,4,NA,NA,4,NA,NA,NA,NA,NA,90,NA,NA,125,NA,NA,NA,NA,NA,130,NA,NA,175,NA,NA,NA,358,NA,14,NA,NA,30,NA,NA,NA,640,NA,60,NA,NA,54,NA,NA,NA,3,11,1,0,1,0,1,0,0,0,0,0,NA,NA,NA,NA,NA,0,"After",2025-11-09,"11:14:00",2025,"Nov",10,"Spring",1762726440,"3 Spring",59.880478669367,183.129609879407,0.083499666520833,0.109212267820426,"Sandy",3.5,3,"7",0,"Reference_2",3.5,3.96646746814072,0.83932445750031,"Waning",56.4565517241379,46.82,17.2311962730756,FALSE,"complete"
"15",3,"15_3","Rotoiti","Reference",54730,-38.0354320054637,176.345087343881,150,"Rocky",2025-11-10 12:59:00,"Cloudy",3.5,0,0,NA,"1","57.9411293181277","639.03395274642901",100,"Native forest",100,0,0,50,0,0,0,20,0,30,1,"Hornwort",6,20.6,9.85,109.7,95.3,104,8.17,NA,0,0,0,0,NA,NA,NA,NA,NA,NA,NA,NA,NA,NA,NA,NA,NA,NA,NA,NA,NA,NA,NA,NA,NA,NA,NA,NA,NA,NA,NA,NA,NA,NA,NA,NA,NA,NA,NA,NA,NA,NA,NA,2,12,5,1,0,0,0,0,0,0.5,3,1.25,0.25,0,0,0,0,0,431,0,12.5,5.25,0,0,0,0,0,1724,0,50,21,NA,NA,NA,NA,NA,NA,NA,86.6,30.37,NA,NA,NA,NA,NA,431,NA,10,21,NA,NA,NA,NA,NA,2,12,5,1,NA,NA,NA,NA,NA,1724,0,50,21,NA,NA,NA,NA,NA,4,4,4,4,NA,NA,NA,NA,NA,NA,NA,55,30.37,NA,NA,NA,NA,NA,NA,NA,115,30.37,NA,NA,NA,NA,NA,228,NA,1,21,NA,NA,NA,NA,NA,612,NA,19,21,NA,NA,NA,NA,NA,4,6,1,0,1,1,0,1,0,0,0,0,NA,NA,NA,NA,NA,0,"After",2025-11-09,"12:59:00",2025,"Nov",10,"Spring",1762732740,"3 Spring",57.9411293181277,639.033952746429,0.0862944864700053,0.0312972415848084,"Rocky",5.2,3,"8",1,"Reference_1",5.2,3.96646746814072,0.83932445750031,"Waning",56.4565517241379,46.82,17.2311962730756,FALSE,"complete"
"16",3,"16_3","Rotoiti","Reference",54730,-38.035946522854,176.345727107707,150,"Rocky",2025-11-10 12:59:00,"Cloudy",3.5,0,0,NA,"1","27.586278169075001","565.61863728637502",100,"Native forest",100,0,0,50,0,0,0,20,0,30,0,NA,2,20.6,9.85,109.7,95.3,104,8.17,NA,0,0,0,0,NA,NA,NA,NA,NA,NA,NA,NA,NA,NA,NA,NA,NA,NA,NA,NA,NA,NA,NA,NA,NA,NA,NA,NA,NA,NA,NA,NA,NA,NA,NA,NA,NA,NA,NA,NA,NA,NA,NA,51,20,11,1,0,0,0,0,0,12.75,5,2.75,0.25,0,0,0,0,0,254,4.75,77.25,0,0,0,0,0,0,1016,19,309,0,NA,NA,NA,NA,NA,NA,NA,100.818181818182,40.08,NA,NA,NA,NA,NA,338.666666666667,19,28.0909090909091,NA,NA,NA,NA,NA,NA,51,20,11,1,NA,NA,NA,NA,NA,1016,19,309,0,NA,NA,NA,NA,NA,4,4,4,4,NA,NA,NA,NA,NA,NA,NA,55,40.08,NA,NA,NA,NA,NA,NA,NA,130,40.08,NA,NA,NA,NA,NA,94,19,4,NA,NA,NA,NA,NA,NA,544,19,55,NA,NA,NA,NA,NA,NA,4,12,1,0,1,1,0,1,0,0,0,0,NA,NA,NA,NA,NA,0,"After",2025-11-09,"12:59:00",2025,"Nov",10,"Spring",1762732740,"3 Spring",27.586278169075,565.618637286375,0.181249531718459,0.0353595137811449,"Rocky",5.2,3,"8",1,"Reference_2",5.2,3.96646746814072,0.83932445750031,"Waning",56.4565517241379,46.82,17.2311962730756,FALSE,"complete"
"17",3,"17_3","Rotoiti","Reference",54730,-38.0174132,176.3755268,150,"Rocky",2025-11-10 11:34:00,"Cloudy",3.5,0,0,NA,"1","13.9155980353024","411.55710413086803",100,"Native forest",100,0,0,0,50,0,0,50,0,0,0,NA,30,19.4,10.31,112.1,137.8,154.3,8.09,NA,0,0,0,0,NA,NA,NA,NA,NA,NA,NA,NA,NA,NA,NA,NA,NA,NA,NA,NA,NA,NA,NA,NA,NA,NA,NA,NA,NA,NA,NA,NA,NA,NA,NA,NA,NA,NA,NA,NA,NA,NA,NA,3,3,44,18,0,1,1,0,0,0.75,0.75,11,4.5,0,0.25,0.25,0,0,175.25,0,312,82.5,0,5.25,73.75,0,0,701,0,1248,330,NA,21,295,NA,NA,NA,NA,50,26.0088235294118,NA,120,290,NA,NA,350.5,NA,312,14.4117647058824,NA,21,295,NA,NA,3,3,44,18,NA,1,1,NA,NA,701,0,1248,330,NA,21,295,NA,NA,4,4,4,4,NA,4,4,NA,NA,NA,NA,50,17.19,NA,120,290,NA,NA,NA,NA,50,40.04,NA,120,290,NA,NA,133,NA,5,3,NA,21,295,NA,NA,568,NA,1200,48,NA,21,295,NA,NA,6,64,1,0,1,1,1,1,0,1,0,1,NA,NA,NA,NA,NA,1,"After",2025-11-09,"11:34:00",2025,"Nov",10,"Spring",1762727640,"3 Spring",13.9155980353024,411.557104130868,0.359309027705136,0.0485959294573138,"Rocky",5,3,"9",1,"Reference_1",5,3.96646746814072,0.83932445750031,"Waning",56.4565517241379,46.82,17.2311962730756,FALSE,"complete"
"18",3,"18_3","Rotoiti","Reference",54730,-38.0172588,176.3757789,150,"Rocky",2025-11-10 11:34:00,"Cloudy",3.5,0,0,NA,"1","10.2582815366794","393.99543134125298",100,"Native forest",100,0,0,0,80,0,0,20,0,0,0,NA,7,19.4,10.31,112.1,137.8,154.3,8.09,NA,0,0,0,0,NA,NA,NA,NA,NA,NA,NA,NA,NA,NA,NA,NA,NA,NA,NA,NA,NA,NA,NA,NA,NA,NA,NA,NA,NA,NA,NA,NA,NA,NA,NA,NA,NA,NA,NA,NA,NA,NA,NA,13,0,6,1,0,0,0,0,0,3.25,0,1.5,0.25,0,0,0,0,0,51.25,0,110.25,0.75,0,0,0,0,0,205,NA,441,3,NA,NA,NA,NA,NA,NA,NA,139.166666666667,13.8,NA,NA,NA,NA,NA,205,NA,73.5,3,NA,NA,NA,NA,NA,13,NA,6,1,NA,NA,NA,NA,NA,205,NA,441,3,NA,NA,NA,NA,NA,4,NA,4,4,NA,NA,NA,NA,NA,NA,NA,90,13.8,NA,NA,NA,NA,NA,NA,NA,180,13.8,NA,NA,NA,NA,NA,205,NA,17,3,NA,NA,NA,NA,NA,205,NA,139,3,NA,NA,NA,NA,NA,3,7,1,0,1,0,0,1,0,0,0,0,NA,NA,NA,NA,NA,1,"After",2025-11-09,"11:34:00",2025,"Nov",10,"Spring",1762727640,"3 Spring",10.2582815366794,393.995431341253,0.487411071934617,0.0507620099347734,"Rocky",6.2,3,"9",1,"Reference_2",6.2,3.96646746814072,0.83932445750031,"Waning",56.4565517241379,46.82,17.2311962730756,FALSE,"complete"
"19",3,"19_3","Rotoiti","Reference",54730,-38.01677,176.421,150,"Rocky",2025-11-10 12:16:00,"Cloudy",3.5,0,0,NA,"1","142.69564315661299","187.90193049333001",100,"Native forest",100,0,0,0,0,90,0,10,0,0,1,"Hornwort",4,19.3,9.96,108.1,136.1,152.6,8.2,NA,0,0,0,0,NA,NA,NA,NA,NA,NA,NA,NA,NA,NA,NA,NA,NA,NA,NA,NA,NA,NA,NA,NA,NA,NA,NA,NA,NA,NA,NA,NA,NA,NA,NA,NA,NA,NA,NA,NA,NA,NA,NA,1,0,3,17,0,0,0,0,0,0.25,0,0.75,4.25,0,0,0,0,0,595.25,73.25,102,114.5,0,0,0,0,0,2381,293,408,458,NA,NA,NA,NA,NA,NA,NA,183.333333333333,32.1495,NA,NA,NA,NA,NA,595.25,293,136,25.6666666666667,NA,NA,NA,NA,NA,1,0,3,17,NA,NA,NA,NA,NA,2381,293,408,458,NA,NA,NA,NA,NA,4,4,4,4,NA,NA,NA,NA,NA,NA,NA,160,21.45,NA,NA,NA,NA,NA,NA,NA,230,39.53,NA,NA,NA,NA,NA,360,293,98,10,NA,NA,NA,NA,NA,707,293,205,41,NA,NA,NA,NA,NA,3,20,1,0,1,1,0,1,0,0,0,0,NA,NA,NA,NA,NA,1,"After",2025-11-09,"12:16:00",2025,"Nov",10,"Spring",1762730160,"3 Spring",142.695643156613,187.90193049333,0.0350396122081481,0.106438501975422,"Rocky",5.7,3,"10",1,"Reference_1",5.7,3.96646746814072,0.83932445750031,"Waning",56.4565517241379,46.82,17.2311962730756,FALSE,"complete"
"20",3,"20_3","Rotoiti","Reference",54730,-38.0170202210521,176.420489675691,150,"Rocky",2025-11-10 12:16:00,"Cloudy",3.5,0,0,NA,"1","112.65205053481201","153.52894194799001",100,"Native forest",100,0,0,0,0,90,0,10,0,0,1,"Hornwort",0,19.3,9.96,108.1,136.1,152.6,8.2,NA,0,0,0,0,NA,NA,NA,NA,NA,NA,NA,NA,NA,NA,NA,NA,NA,NA,NA,NA,NA,NA,NA,NA,NA,NA,NA,NA,NA,NA,NA,NA,NA,NA,NA,NA,NA,NA,NA,NA,NA,NA,NA,3,0,0,45,0,1,0,0,0,0.75,0,0,11.25,0,0.25,0,0,0,883.5,173.75,0,280.75,0,22.5,0,0,0,3534,695,NA,1123,NA,90,NA,NA,NA,NA,NA,NA,32.1286175115207,NA,175,NA,NA,NA,706.8,695,NA,25.3790322580645,NA,90,NA,NA,NA,3,0,NA,45,NA,1,NA,NA,NA,3534,695,NA,1123,NA,90,NA,NA,NA,4,4,NA,4,NA,4,NA,NA,NA,NA,NA,NA,21.35,NA,175,NA,NA,NA,NA,NA,NA,46.32,NA,175,NA,NA,NA,664,695,NA,8,NA,90,NA,NA,NA,730,695,NA,59,NA,90,NA,NA,NA,3,46,1,0,0,1,1,1,0,0,0,0,NA,NA,NA,NA,NA,1,"After",2025-11-09,"12:16:00",2025,"Nov",10,"Spring",1762730160,"3 Spring",112.652050534812,153.52894194799,0.0443844561751221,0.130268597869809,"Rocky",5.7,3,"10",1,"Reference_2",5.7,3.96646746814072,0.83932445750031,"Waning",56.4565517241379,46.82,17.2311962730756,FALSE,"complete"
"1",4,"1_4","Rotoiti","Stone_pile",54730,-38.0526673079263,176.47144524762,150,"Rocky",2026-01-12 12:12:00,"Cloudy",NA,0,0,NA,"1","82.9889020904982","164.45001973472199",0,NA,10,100,0,0,30,30,10,30,0,0,0,NA,0,22.4,9.03,104.1,142.8,150.2,8.11,NA,0,0,0,0,NA,NA,NA,NA,NA,NA,NA,NA,NA,NA,NA,NA,NA,NA,NA,NA,NA,NA,NA,NA,NA,NA,NA,NA,NA,NA,NA,NA,NA,NA,NA,NA,NA,NA,NA,NA,NA,NA,NA,3,20,3,2,0,0,0,0,0,0.75,5,0.75,0.5,0,0,0,0,0,228.75,114,31.5,10.5,0,0,0,0,0,915,456,126,42,NA,NA,NA,NA,NA,NA,NA,112,29.005,NA,NA,NA,NA,NA,152.833333333333,456,42,21,NA,NA,NA,NA,NA,3,20,3,2,NA,NA,NA,NA,NA,915,456,126,42,NA,NA,NA,NA,NA,4,4,4,4,NA,NA,NA,NA,NA,NA,NA,75,24.24,NA,NA,NA,NA,NA,NA,NA,135,33.77,NA,NA,NA,NA,NA,1,456,18,11,NA,NA,NA,NA,NA,397,456,58,31,NA,NA,NA,NA,NA,4,5,1,0,1,1,0,1,0,0,0,0,1,0,0,1,1,1,"After",2026-01-11,"12:12:00",2026,"Jan",12,"Summer",1768173120,"4 Summer",82.9889020904982,164.450019734722,0.0602490197369712,0.121617498327227,"Rocky",5.2,4,"1",1,"Stone_pile",5.55797333333333,4.80452560807292,0.453996838695637,"Waning",NA,NA,NA,TRUE,"complete"
"2",4,"2_4","Rotoiti","Control",54730,-38.0529135570371,176.470933127575,150,"Rocky",2026-01-12 12:12:00,"Cloudy",NA,0,0,NA,"1","105.445519540936","180.302636624781",70,"Flax",0,0,0,0,20,20,0,60,0,0,0,NA,0,22.4,9.03,104.1,142.8,150.2,8.11,NA,0,0,0,0,NA,NA,NA,NA,NA,NA,NA,NA,NA,NA,NA,NA,NA,NA,NA,NA,NA,NA,NA,NA,NA,NA,NA,NA,NA,NA,NA,NA,NA,NA,NA,NA,NA,NA,NA,NA,NA,NA,NA,4,20,0,1,0,1,0,0,0,1,5,0,0.25,0,0.25,0,0,0,233.25,0,0,7.25,0,1.25,0,0,0,933,0,NA,29,NA,5,NA,NA,NA,NA,NA,NA,31.78,NA,85,NA,NA,NA,155.833333333333,NA,NA,29,NA,5,NA,NA,NA,4,20,NA,1,NA,1,NA,NA,NA,933,0,NA,29,NA,5,NA,NA,NA,4,4,NA,4,NA,4,NA,NA,NA,NA,NA,NA,31.78,NA,85,NA,NA,NA,NA,NA,NA,31.78,NA,85,NA,NA,NA,1,NA,NA,29,NA,5,NA,NA,NA,361,NA,NA,29,NA,5,NA,NA,NA,4,2,1,0,0,1,1,1,0,0,0,0,2,0,0,1,2,1,"After",2026-01-11,"12:12:00",2026,"Jan",12,"Summer",1768173120,"4 Summer",105.445519540936,180.302636624781,0.047417851623927,0.110924611943535,"Rocky",4.4,4,"1",1,"Control",4.4,4.80452560807292,0.453996838695637,"Waning",NA,NA,NA,TRUE,"complete"
"3",4,"3_4","Rotoiti","Stone_pile",54730,-38.047698100528,176.341122568488,150,"Sandy",2026-01-12 11:14:00,"Cloudy",NA,0,0,NA,"1","75.103042747696705","1429.22107248619",100,"grass",0,0,0,0,0,0,0,100,0,0,1,"Three-leaved milfoil",0,21.4,9.5,107.5,147.7,158.4,8.07,NA,0,0,0,0,NA,NA,NA,NA,NA,NA,NA,NA,NA,NA,NA,NA,NA,NA,NA,NA,NA,NA,NA,NA,NA,NA,NA,NA,NA,NA,NA,NA,NA,NA,NA,NA,NA,NA,NA,NA,NA,NA,NA,1,0,2,0,0,0,0,0,0,0.25,0,0.5,0,0,0,0,0,0,346,0,6,0,0,0,0,0,0,1384,NA,24,NA,NA,NA,NA,NA,NA,NA,NA,NA,NA,NA,NA,NA,NA,NA,138.8,NA,24,NA,NA,NA,NA,NA,NA,1,NA,2,NA,NA,NA,NA,NA,NA,1384,NA,24,NA,NA,NA,NA,NA,NA,4,NA,4,NA,NA,NA,NA,NA,NA,NA,NA,NA,NA,NA,NA,NA,NA,NA,NA,NA,NA,NA,NA,NA,NA,NA,NA,1,NA,24,NA,NA,NA,NA,NA,NA,525,NA,24,NA,NA,NA,NA,NA,NA,2,2,1,0,1,0,0,0,0,0,0,0,5,0,0,1,5,0,"After",2026-01-11,"11:14:00",2026,"Jan",12,"Summer",1768169640,"4 Summer",75.1030427476967,1429.22107248619,0.0665751987811884,0.0139936363834947,"Sandy",3,4,"2",0,"Stone_pile",3.22144,4.80452560807292,0.453996838695637,"Waning",NA,NA,NA,TRUE,"complete"
"4",4,"4_4","Rotoiti","Control",54730,-38.0480187161085,176.341484639114,150,"Sandy",2026-01-12 11:14:00,"Cloudy",NA,0,0,NA,"1","73.106421389251906","1435.7027457702",80,"grass+flax",5,0,0,0,0,0,0,100,0,0,1,"Three-leaved milfoil",0,21.4,9.5,107.5,147.7,158.4,8.07,NA,0,0,0,0,NA,NA,NA,NA,NA,NA,NA,NA,NA,NA,NA,NA,NA,NA,NA,NA,NA,NA,NA,NA,NA,NA,NA,NA,NA,NA,NA,NA,NA,NA,NA,NA,NA,NA,NA,NA,NA,NA,NA,19,1,4,0,0,0,0,0,0,4.75,0.25,1,0,0,0,0,0,0,634.75,0,11.75,0,0,0,0,0,0,2539,0,47,NA,NA,NA,NA,NA,NA,NA,NA,74,NA,NA,NA,NA,NA,NA,326.75,NA,15.6666666666667,NA,NA,NA,NA,NA,NA,19,1,4,NA,NA,NA,NA,NA,NA,2539,0,47,NA,NA,NA,NA,NA,NA,4,4,4,NA,NA,NA,NA,NA,NA,NA,NA,73,NA,NA,NA,NA,NA,NA,NA,NA,75,NA,NA,NA,NA,NA,NA,25,NA,3,NA,NA,NA,NA,NA,NA,665,NA,35,NA,NA,NA,NA,NA,NA,3,4,1,0,1,1,0,0,0,0,0,0,2,1,0,2,3,0,"After",2026-01-11,"11:14:00",2026,"Jan",12,"Summer",1768169640,"4 Summer",73.1064213892519,1435.7027457702,0.0683934448572954,0.0139304602285696,"Sandy",3,4,"2",0,"Control",3,4.80452560807292,0.453996838695637,"Waning",NA,NA,NA,TRUE,"complete"
"5",4,"5_4","Rotoiti","Stone_pile",54730,-38.0222760864304,176.348643537609,150,"Sandy",2026-01-12 10:33:00,"Sunny",NA,0,0,NA,"1","267.55142706578999","1689.6854318227199",10,"Small trees",0,0,1,0,0,0,0,70,30,0,0,NA,0,22.8,5.75,66.8,171.6,179.2,7.86,NA,0,40,80,0,NA,NA,NA,NA,NA,NA,NA,NA,NA,NA,NA,NA,NA,NA,NA,NA,NA,NA,NA,NA,NA,NA,NA,NA,NA,NA,NA,NA,NA,NA,NA,NA,NA,NA,NA,NA,NA,NA,NA,0,0,3,10,0,0,12,0,6,0,0,0.75,2.5,0,0,3,0,1.5,137.5,0,18.5,93,0,0,80,0,0,550,NA,74,372,NA,NA,320,NA,0,NA,NA,140,36.142,NA,NA,114.333333333333,NA,NA,275,NA,37,37.2,NA,NA,26.6666666666667,NA,NA,0,NA,3,10,NA,NA,12,NA,6,550,NA,74,372,NA,NA,320,NA,0,4,NA,4,4,NA,NA,4,NA,4,NA,NA,140,25.61,NA,NA,30,NA,NA,NA,NA,140,46.39,NA,NA,158,NA,NA,136,NA,4,12,NA,NA,11,NA,NA,414,NA,70,65,NA,NA,51,NA,NA,4,31,1,0,1,0,0,1,1,1,0,1,NA,NA,NA,NA,NA,0,"After",2026-01-11,"10:33:00",2026,"Jan",12,"Summer",1768167180,"4 Summer",267.55142706579,1689.68543182272,0.018687996004486,0.0118365227179744,"Sandy",2.4,4,"3",1,"Stone_pile",2.66496,4.80452560807292,0.453996838695637,"Waning",NA,NA,NA,TRUE,"complete"
"6",4,"6_4","Rotoiti","Control",54730,-38.0218725085535,176.348304238168,150,"Sandy",2026-01-12 10:33:00,"Sunny",NA,0,0,NA,"1","220.524873221001","1741.0626313093101",0,NA,0,0,1,0,0,0,0,100,0,0,1,"Hornwort",0,22.8,5.75,66.8,171.6,179.2,7.86,NA,10,0,0,0,NA,NA,NA,NA,NA,NA,NA,NA,NA,NA,NA,NA,NA,NA,NA,NA,NA,NA,NA,NA,NA,NA,NA,NA,NA,NA,NA,NA,NA,NA,NA,NA,NA,NA,NA,NA,NA,NA,NA,12,0,11,1,0,0,1,0,0,3,0,2.75,0.25,0,0,0.25,0,0,184,0,222.5,6.75,0,0,11,0,0,736,NA,890,27,NA,NA,44,NA,0,NA,NA,138.272727272727,33.56,NA,NA,150,NA,NA,125.666666666667,NA,80.9090909090909,27,NA,NA,44,NA,NA,12,NA,11,1,NA,NA,1,NA,0,736,NA,890,27,NA,NA,44,NA,0,4,NA,4,4,NA,NA,4,NA,4,NA,NA,80,33.56,NA,NA,150,NA,NA,NA,NA,195,33.56,NA,NA,150,NA,NA,9,NA,13,27,NA,NA,44,NA,NA,364,NA,172,27,NA,NA,44,NA,NA,4,13,1,0,1,0,0,1,1,1,0,1,NA,NA,NA,NA,NA,0,"After",2026-01-11,"10:33:00",2026,"Jan",12,"Summer",1768167180,"4 Summer",220.524873221001,1741.06263130931,0.022673179342401,0.0114872375297376,"Sandy",3,4,"3",1,"Control",3,4.80452560807292,0.453996838695637,"Waning",NA,NA,NA,TRUE,"complete"
"7",4,"7_4","Rotoiti","Stone_pile",54730,-38.0400700989088,176.368333417899,150,"Sandy",2026-01-19 10:16:00,"Sunny",NA,0,0,NA,"1","130.67824847969601","334.10486413213903",100,"Grass",0,0,0,0,0,0,0,100,0,0,0,NA,0,22.1,9.39,107.6,149.4,158,7.66,NA,0,0,5,40,NA,NA,NA,NA,NA,NA,NA,NA,NA,NA,NA,NA,NA,NA,NA,NA,NA,NA,NA,NA,NA,NA,NA,NA,NA,NA,NA,NA,NA,NA,NA,NA,NA,NA,NA,NA,NA,NA,NA,1,22,5,1,0,1,2,0,0,0.25,5.5,1.25,0.25,0,0.25,0.5,0,0,289.5,0,188.5,5.25,0,20,26.5,0,0,1158,0,754,21,NA,80,106,NA,NA,NA,NA,169,30,NA,195,147.5,NA,NA,386,NA,150.8,21,NA,80,53,NA,NA,1,22,5,1,NA,1,2,NA,NA,1158,0,754,21,NA,80,106,NA,NA,4,4,4,4,NA,4,4,NA,NA,NA,NA,120,30,NA,195,135,NA,NA,NA,NA,205,30,NA,195,160,NA,NA,296,NA,70,21,NA,80,40,NA,NA,509,NA,227,21,NA,80,66,NA,NA,6,9,1,0,1,1,1,1,0,1,0,1,NA,NA,NA,NA,NA,0,"After",2026-01-18,"10:16:00",2026,"Jan",19,"Summer",1768770960,"4 Summer",130.678248479696,334.104864132139,0.0382619147269706,0.0598614451542075,"Sandy",3,4,"4",1,"Stone_pile",3.20373333333333,0.0107212735926507,2.87361516024265e-05,"New",21.9016666666667,19.978,NA,FALSE,"complete"
"8",4,"8_4","Rotoiti","Control",54730,-38.0399884269911,176.367640974845,150,"Sandy",2026-01-19 10:16:00,"Sunny",NA,0,0,NA,"1","69.508184012671805","381.61439291613999",30,"Grass",0,0,0,0,0,0,0,100,0,0,0,NA,0,21.8,9.37,106.8,150,159.8,8.09,NA,0,0,10,10,NA,NA,NA,NA,NA,NA,NA,NA,NA,NA,NA,NA,NA,NA,NA,NA,NA,NA,NA,NA,NA,NA,NA,NA,NA,NA,NA,NA,NA,NA,NA,NA,NA,NA,NA,NA,NA,NA,NA,1,15,3,0,0,0,0,0,0,0.25,3.75,0.75,0,0,0,0,0,0,581.75,2.5,259.5,0,0,0,0,0,0,2327,10,1038,NA,NA,NA,NA,NA,NA,NA,NA,233.333333333333,NA,NA,NA,NA,NA,NA,465.4,10,346,NA,NA,NA,NA,NA,NA,1,15,3,NA,NA,NA,NA,NA,NA,2327,10,1038,NA,NA,NA,NA,NA,NA,4,4,4,NA,NA,NA,NA,NA,NA,NA,NA,200,NA,NA,NA,NA,NA,NA,NA,NA,250,NA,NA,NA,NA,NA,NA,225,10,236,NA,NA,NA,NA,NA,NA,673,10,407,NA,NA,NA,NA,NA,NA,3,3,1,0,1,1,0,0,0,0,0,0,9,0,0,1,9,0,"After",2026-01-18,"10:16:00",2026,"Jan",19,"Summer",1768770960,"4 Summer",69.5081840126718,381.61439291614,0.0719339754163116,0.0524089247451288,"Sandy",3,4,"4",0,"Control",3,0.0107212735926507,2.87361516024265e-05,"New",21.9016666666667,19.978,NA,FALSE,"complete"
"9",4,"9_4","Rotoiti","Stone_pile",54730,-38.0149838,176.4133799,150,"Sandy",2026-01-12 09:30:00,"Sunny",NA,0,0,NA,"1","168.339491020125","259.826404337621",0,NA,0,0,0,0,5,0,15,80,0,0,0,NA,3,22.1,9.42,108,144.3,152.8,8.85,NA,0,0,0,10,NA,NA,NA,NA,NA,NA,NA,NA,NA,NA,NA,NA,NA,NA,NA,NA,NA,NA,NA,NA,NA,NA,NA,NA,NA,NA,NA,NA,NA,NA,NA,NA,NA,NA,NA,NA,NA,NA,NA,17,25,1,11,0,0,0,0,0,4.25,6.25,0.25,2.75,0,0,0,0,0,96.75,4,10,40.25,0,0,0,0,0,387,16,40,161,NA,NA,NA,NA,NA,NA,NA,120,25.8118181818182,NA,NA,NA,NA,NA,100,8,40,14.6363636363636,NA,NA,NA,NA,NA,17,25,1,11,NA,NA,NA,NA,NA,387,16,40,161,NA,NA,NA,NA,NA,4,4,4,4,NA,NA,NA,NA,NA,NA,NA,120,19.43,NA,NA,NA,NA,NA,NA,NA,120,35.38,NA,NA,NA,NA,NA,13,6,40,6,NA,NA,NA,NA,NA,220,10,40,30,NA,NA,NA,NA,NA,4,12,1,0,1,1,0,1,0,0,0,0,NA,NA,NA,NA,NA,1,"After",2026-01-11,"09:30:00",2026,"Jan",12,"Summer",1768163400,"4 Summer",168.339491020125,259.826404337621,0.029701883792688,0.076974470901009,"Sandy",3.35,4,"5",1,"Stone_pile",3.61389333333333,4.80452560807292,0.453996838695637,"Waning",NA,NA,NA,TRUE,"complete"
"10",4,"10_4","Rotoiti","Control",54730,-38.0149894250948,176.414205051426,150,"Rocky",2026-01-12 09:30:00,"Sunny",NA,0,0,NA,"1","138.622117701376","221.36538172916099",20,"Flax",0,0,0,0,0,50,50,0,0,0,0,NA,0,22.1,9.42,108,144.3,152.8,8.85,NA,0,0,0,0,NA,NA,NA,NA,NA,NA,NA,NA,NA,NA,NA,NA,NA,NA,NA,NA,NA,NA,NA,NA,NA,NA,NA,NA,NA,NA,NA,NA,NA,NA,NA,NA,NA,NA,NA,NA,NA,NA,NA,1,1,1,7,0,0,0,0,0,0.25,0.25,0.25,1.75,0,0,0,0,0,142.25,0,35.25,49.25,0,0,0,0,0,569,0,141,197,NA,NA,NA,NA,NA,NA,NA,185,34.1808333333333,NA,NA,NA,NA,NA,284.5,NA,141,28.9166666666667,NA,NA,NA,NA,NA,1,1,1,7,NA,NA,NA,NA,NA,569,0,141,197,NA,NA,NA,NA,NA,4,4,4,4,NA,NA,NA,NA,NA,NA,NA,185,16.93,NA,NA,NA,NA,NA,NA,NA,185,41,NA,NA,NA,NA,NA,1,NA,141,3,NA,NA,NA,NA,NA,568,NA,141,43,NA,NA,NA,NA,NA,4,8,1,0,1,1,0,1,0,0,0,0,1,0,0,1,1,1,"After",2026-01-11,"09:30:00",2026,"Jan",12,"Summer",1768163400,"4 Summer",138.622117701376,221.365381729161,0.0360692801618509,0.090348363613918,"Rocky",5,4,"5",1,"Control",5,4.80452560807292,0.453996838695637,"Waning",NA,NA,NA,TRUE,"complete"
"11",4,"11_4","Rotoiti","Reference",54730,-38.0276056022708,176.40494378912,150,"Rocky",2026-01-14 11:38:00,"Cloudy",5.5,0,0,NA,"1","38.942244562325001","121.850769016352",0,"0",0,0,0,0,90,0,0,10,0,0,0,NA,0,22.3,9.78,112.5,148.1,156,8.46,NA,0,0,0,0,NA,NA,NA,NA,NA,NA,NA,NA,NA,NA,NA,NA,NA,NA,NA,NA,NA,NA,NA,NA,NA,NA,NA,NA,NA,NA,NA,NA,NA,NA,NA,NA,NA,NA,NA,NA,NA,NA,NA,1,20,7,2,0,0,16,0,0,0.25,5,1.75,0.5,0,0,4,0,0,266,0,83.5,14,0,0,163.75,0,0,1064,0,334,56,NA,NA,655,NA,NA,NA,NA,132.142857142857,32.5,NA,NA,130,NA,NA,532,NA,47.7142857142857,28,NA,NA,40.9375,NA,NA,1,20,7,2,NA,NA,16,NA,NA,1064,0,334,56,NA,NA,655,NA,NA,4,4,4,4,NA,NA,4,NA,NA,NA,NA,100,30,NA,NA,90,NA,NA,NA,NA,180,35,NA,NA,220,NA,NA,460,NA,22,21,NA,NA,10,NA,NA,604,NA,110,35,NA,NA,188,NA,NA,5,25,1,0,1,1,0,1,0,1,0,1,NA,NA,NA,NA,NA,1,"After",2026-01-13,"11:38:00",2026,"Jan",14,"Summer",1768343880,"4 Summer",38.942244562325,121.850769016352,0.128395269871971,0.164135197187931,"Rocky",6.6,4,"6",1,"Reference_1",6.6,5.2300630288442,0.252569854883397,"Waning",17.55,NA,NA,TRUE,"complete"
"12",4,"12_4","Rotoiti","Reference",54730,-38.027783,176.4042814,150,"Rocky",2026-01-14 11:38:00,"Cloudy",5.5,0,0,NA,"1","70.918634145760194","162.05012479636801",100,"Native forest",100,0,0,0,20,80,0,0,0,0,0,NA,0,22.3,9.78,112.5,148.1,156,8.46,NA,0,0,0,0,NA,NA,NA,NA,NA,NA,NA,NA,NA,NA,NA,NA,NA,NA,NA,NA,NA,NA,NA,NA,NA,NA,NA,NA,NA,NA,NA,NA,NA,NA,NA,NA,NA,NA,NA,NA,NA,NA,NA,26,5,4,5,0,1,21,0,0,6.5,1.25,1,1.25,0,0.25,5.25,0,0,704.5,0,37.75,32.75,0,10.25,112.25,0,0,2818,0,151,131,NA,41,449,NA,NA,NA,NA,107.5,31.2,NA,155,115.47619047619,NA,NA,469.666666666667,NA,37.75,26.2,NA,41,21.3809523809524,NA,NA,26,5,4,5,NA,1,21,NA,NA,2818,0,151,131,NA,41,449,NA,NA,4,4,4,4,NA,4,4,NA,NA,NA,NA,70,26,NA,155,90,NA,NA,NA,NA,155,40,NA,155,180,NA,NA,114,NA,8,15,NA,41,9,NA,NA,701,NA,98,47,NA,41,59,NA,NA,6,31,1,0,1,1,1,1,0,1,0,1,NA,NA,NA,NA,NA,1,"After",2026-01-13,"11:38:00",2026,"Jan",14,"Summer",1768343880,"4 Summer",70.9186341457602,162.050124796368,0.0705033318848671,0.123418602886804,"Rocky",6.2,4,"6",1,"Reference_2",6.2,5.2300630288442,0.252569854883397,"Waning",17.55,NA,NA,TRUE,"complete"
"13",4,"13_4","Rotoiti","Reference",54730,-38.0401949,176.3586787,150,"Sandy",2026-01-14 10:23:00,"Cloudy",5.5,0,0,NA,"1","63.335015819361701","218.54441100186699",100,"Native forest",100,0,0,10,0,0,10,80,0,0,0,NA,0,21.8,10.14,115.5,145.9,155.5,8.45,NA,0,0,0,0,NA,NA,NA,NA,NA,NA,NA,NA,NA,NA,NA,NA,NA,NA,NA,NA,NA,NA,NA,NA,NA,NA,NA,NA,NA,NA,NA,NA,NA,NA,NA,NA,NA,NA,NA,NA,NA,NA,NA,3,0,3,0,0,0,1,0,0,0.75,0,0.75,0,0,0,0.25,0,0,417.5,0,65,0,0,0,9.25,0,0,1670,NA,260,NA,NA,NA,37,NA,NA,NA,NA,138.666666666667,NA,NA,NA,125,NA,NA,556.666666666667,NA,86.6666666666667,NA,NA,NA,37,NA,NA,3,NA,3,NA,NA,NA,1,NA,NA,1670,NA,260,NA,NA,NA,37,NA,NA,4,NA,4,NA,NA,NA,4,NA,NA,NA,NA,92,NA,NA,NA,125,NA,NA,NA,NA,195,NA,NA,NA,125,NA,NA,389,NA,21,NA,NA,NA,37,NA,NA,658,NA,188,NA,NA,NA,37,NA,NA,3,4,1,0,1,0,0,0,0,1,0,1,NA,NA,NA,NA,NA,0,"After",2026-01-13,"10:23:00",2026,"Jan",14,"Summer",1768339380,"4 Summer",63.3350158193617,218.544411001867,0.0789452711950138,0.0915145800723732,"Sandy",3.6,4,"7",0,"Reference_1",3.6,5.2300630288442,0.252569854883397,"Waning",17.55,NA,NA,TRUE,"complete"
"14",4,"14_4","Rotoiti","Reference",54730,-38.0398114,176.3581623,150,"Sandy",2026-01-14 10:23:00,"Cloudy",5.5,0,0,NA,"1","59.880478669367001","183.12960987940701",100,"Native forest",100,0,0,10,0,0,0,90,0,0,0,NA,0,21.8,10.14,115.5,145.9,155.5,8.45,NA,0,0,0,20,NA,NA,NA,NA,NA,NA,NA,NA,NA,NA,NA,NA,NA,NA,NA,NA,NA,NA,NA,NA,NA,NA,NA,NA,NA,NA,NA,NA,NA,NA,NA,NA,NA,NA,NA,NA,NA,NA,NA,5,0,2,1,0,0,0,0,0,1.25,0,0.5,0.25,0,0,0,0,0,298,0,9.5,2.75,0,0,0,0,0,1192,NA,38,11,NA,NA,NA,NA,NA,NA,NA,77.5,25,NA,NA,NA,NA,NA,596,NA,19,11,NA,NA,NA,NA,NA,5,NA,2,1,NA,NA,NA,NA,NA,1192,NA,38,11,NA,NA,NA,NA,NA,4,NA,4,4,NA,NA,NA,NA,NA,NA,NA,55,25,NA,NA,NA,NA,NA,NA,NA,100,25,NA,NA,NA,NA,NA,534,NA,2,11,NA,NA,NA,NA,NA,658,NA,36,11,NA,NA,NA,NA,NA,3,3,1,0,1,0,0,1,0,0,0,0,NA,NA,NA,NA,NA,0,"After",2026-01-13,"10:23:00",2026,"Jan",14,"Summer",1768339380,"4 Summer",59.880478669367,183.129609879407,0.083499666520833,0.109212267820426,"Sandy",3.5,4,"7",1,"Reference_2",3.5,5.2300630288442,0.252569854883397,"Waning",17.55,NA,NA,TRUE,"complete"
"15",4,"15_4","Rotoiti","Reference",54730,-38.0354320054637,176.345087343881,150,"Rocky",2026-01-14 09:56:00,"Cloudy",5.5,0,0,NA,"1","57.9411293181277","639.03395274642901",100,"Native forest",100,0,0,50,0,0,0,20,0,30,1,"Hornwort",6,21,9.11,102.3,149.5,161.8,8.56,NA,0,0,0,0,NA,NA,NA,NA,NA,NA,NA,NA,NA,NA,NA,NA,NA,NA,NA,NA,NA,NA,NA,NA,NA,NA,NA,NA,NA,NA,NA,NA,NA,NA,NA,NA,NA,NA,NA,NA,NA,NA,NA,5,0,0,5,0,1,0,1,0,1.25,0,0,1.25,0,0.25,0,0.25,0,110,0,0,15,0,0,0,1,0,440,NA,NA,60,NA,0,NA,4,NA,NA,NA,NA,22.298,NA,35,NA,17,NA,440,NA,NA,12,NA,NA,NA,4,NA,5,NA,NA,5,NA,1,NA,1,NA,440,NA,NA,60,NA,0,NA,4,NA,4,NA,NA,4,NA,4,NA,4,NA,NA,NA,NA,15.68,NA,35,NA,17,NA,NA,NA,NA,37.07,NA,35,NA,17,NA,440,NA,NA,3,NA,NA,NA,4,NA,440,NA,NA,41,NA,NA,NA,4,NA,4,7,1,0,0,0,1,1,0,0,1,1,NA,NA,NA,NA,NA,0,"After",2026-01-13,"09:56:00",2026,"Jan",14,"Summer",1768337760,"4 Summer",57.9411293181277,639.033952746429,0.0862944864700053,0.0312972415848084,"Rocky",5.2,4,"8",1,"Reference_1",5.2,5.2300630288442,0.252569854883397,"Waning",17.55,NA,NA,TRUE,"complete"
"16",4,"16_4","Rotoiti","Reference",54730,-38.035946522854,176.345727107707,150,"Rocky",2026-01-14 09:56:00,"Cloudy",5.5,0,0,NA,"1","27.586278169075001","565.61863728637502",100,"Native forest",100,0,0,50,0,0,0,20,0,30,0,NA,2,21,9.11,102.3,149.5,161.8,8.56,NA,0,0,0,0,NA,NA,NA,NA,NA,NA,NA,NA,NA,NA,NA,NA,NA,NA,NA,NA,NA,NA,NA,NA,NA,NA,NA,NA,NA,NA,NA,NA,NA,NA,NA,NA,NA,NA,NA,NA,NA,NA,NA,5,10,6,3,0,0,1,2,0,1.25,2.5,1.5,0.75,0,0,0.25,0.5,0,127,0,50,44.25,0,0,3.75,1,0,508,0,200,177,NA,NA,15,4,NA,NA,NA,110,42.2733333333333,NA,NA,105,65.5,NA,508,NA,40,59,NA,NA,15,4,NA,5,10,6,3,NA,NA,1,2,NA,508,0,200,177,NA,NA,15,4,NA,4,4,4,4,NA,NA,4,4,NA,NA,NA,70,39.95,NA,NA,105,65,NA,NA,NA,143,44.55,NA,NA,105,66,NA,508,NA,9,49,NA,NA,15,4,NA,508,NA,76,67,NA,NA,15,4,NA,6,12,1,0,1,1,0,1,0,1,1,1,0,1,0,1,1,0,"After",2026-01-13,"09:56:00",2026,"Jan",14,"Summer",1768337760,"4 Summer",27.586278169075,565.618637286375,0.181249531718459,0.0353595137811449,"Rocky",5.2,4,"8",1,"Reference_2",5.2,5.2300630288442,0.252569854883397,"Waning",17.55,NA,NA,TRUE,"complete"
"17",4,"17_4","Rotoiti","Reference",54730,-38.0174132,176.3755268,150,"Rocky",2026-01-14 10:55:00,"Cloudy",5.5,0,0,NA,"1","13.9155980353024","411.55710413086803",100,"Native forest",100,0,0,0,50,0,0,50,0,0,0,NA,30,21.8,9.57,109.1,147.6,157,8.35,NA,0,0,0,0,NA,NA,NA,NA,NA,NA,NA,NA,NA,NA,NA,NA,NA,NA,NA,NA,NA,NA,NA,NA,NA,NA,NA,NA,NA,NA,NA,NA,NA,NA,NA,NA,NA,NA,NA,NA,NA,NA,NA,4,0,7,16,0,0,2,0,0,1,0,1.75,4,0,0,0.5,0,0,86,0,143,65.5,0,0,16.75,0,0,344,NA,572,262,NA,NA,67,NA,NA,NA,NA,145.714285714286,26.51625,NA,NA,119,NA,NA,344,NA,81.7142857142857,16.375,NA,NA,33.5,NA,NA,4,NA,7,16,NA,NA,2,NA,NA,344,NA,572,262,NA,NA,67,NA,NA,4,NA,4,4,NA,NA,4,NA,NA,NA,NA,115,21.31,NA,NA,110,NA,NA,NA,NA,165,32.84,NA,NA,128,NA,NA,344,NA,40,8,NA,NA,17,NA,NA,344,NA,110,26,NA,NA,50,NA,NA,4,25,1,0,1,0,0,1,0,1,0,1,NA,NA,NA,NA,NA,1,"After",2026-01-13,"10:55:00",2026,"Jan",14,"Summer",1768341300,"4 Summer",13.9155980353024,411.557104130868,0.359309027705136,0.0485959294573138,"Rocky",5,4,"9",1,"Reference_1",5,5.2300630288442,0.252569854883397,"Waning",17.55,NA,NA,TRUE,"complete"
"18",4,"18_4","Rotoiti","Reference",54730,-38.0172588,176.3757789,150,"Rocky",2026-01-14 10:55:00,"Cloudy",5.5,0,0,NA,"1","10.2582815366794","393.99543134125298",100,"Native forest",100,0,0,0,80,0,0,20,0,0,0,NA,7,21.8,9.57,109.1,147.6,157,8.35,NA,0,0,0,0,NA,NA,NA,NA,NA,NA,NA,NA,NA,NA,NA,NA,NA,NA,NA,NA,NA,NA,NA,NA,NA,NA,NA,NA,NA,NA,NA,NA,NA,NA,NA,NA,NA,NA,NA,NA,NA,NA,NA,2,0,8,2,0,0,4,0,0,0.5,0,2,0.5,0,0,1,0,0,30.25,0,78.5,5.75,0,0,40.75,0,0,121,NA,314,23,NA,NA,163,NA,NA,NA,NA,118.125,22.5,NA,NA,148.75,NA,NA,121,NA,39.25,11.5,NA,NA,40.75,NA,NA,2,NA,8,2,NA,NA,4,NA,NA,121,NA,314,23,NA,NA,163,NA,NA,4,NA,4,4,NA,NA,4,NA,NA,NA,NA,90,22,NA,NA,120,NA,NA,NA,NA,150,23,NA,NA,180,NA,NA,121,NA,13,11,NA,NA,8,NA,NA,121,NA,70,12,NA,NA,70,NA,NA,4,14,1,0,1,0,0,1,0,1,0,1,NA,NA,NA,NA,NA,1,"After",2026-01-13,"10:55:00",2026,"Jan",14,"Summer",1768341300,"4 Summer",10.2582815366794,393.995431341253,0.487411071934617,0.0507620099347734,"Rocky",6.2,4,"9",1,"Reference_2",6.2,5.2300630288442,0.252569854883397,"Waning",17.55,NA,NA,TRUE,"complete"
"19",4,"19_4","Rotoiti","Reference",54730,-38.01677,176.421,150,"Rocky",2026-01-14 11:27:00,"Cloudy",5.5,0,0,NA,"1","142.69564315661299","187.90193049333001",100,"Native forest",100,0,0,0,0,90,0,10,0,0,1,"Hornwort",4,21.7,9.88,112.4,144.9,154.7,8.51,NA,0,0,0,0,NA,NA,NA,NA,NA,NA,NA,NA,NA,NA,NA,NA,NA,NA,NA,NA,NA,NA,NA,NA,NA,NA,NA,NA,NA,NA,NA,NA,NA,NA,NA,NA,NA,NA,NA,NA,NA,NA,NA,12,2,3,9,0,0,0,0,0,3,0.5,0.75,2.25,0,0,0,0,0,398.5,0,55,41,0,0,0,0,0,1594,0,220,164,NA,NA,NA,NA,NA,NA,NA,153.333333333333,26.3214285714286,NA,NA,NA,NA,NA,531.333333333333,NA,73.3333333333333,15.8214285714286,NA,NA,NA,NA,NA,12,2,3,9,NA,NA,NA,NA,NA,1594,0,220,164,NA,NA,NA,NA,NA,4,4,4,4,NA,NA,NA,NA,NA,NA,NA,150,19,NA,NA,NA,NA,NA,NA,NA,160,34,NA,NA,NA,NA,NA,370,NA,35,5,NA,NA,NA,NA,NA,646,NA,104,30,NA,NA,NA,NA,NA,4,12,1,0,1,1,0,1,0,0,0,0,NA,NA,NA,NA,NA,1,"After",2026-01-13,"11:27:00",2026,"Jan",14,"Summer",1768343220,"4 Summer",142.695643156613,187.90193049333,0.0350396122081481,0.106438501975422,"Rocky",5.7,4,"10",1,"Reference_1",5.7,5.2300630288442,0.252569854883397,"Waning",17.55,NA,NA,TRUE,"complete"
"20",4,"20_4","Rotoiti","Reference",54730,-38.0170202210521,176.420489675691,150,"Rocky",2026-01-14 11:27:00,"Cloudy",5.5,0,0,NA,"1","112.65205053481201","153.52894194799001",100,"Native forest",100,0,0,0,0,90,0,10,0,0,1,"Hornwort",0,21.7,9.88,112.4,144.9,154.7,8.51,NA,0,0,0,0,NA,NA,NA,NA,NA,NA,NA,NA,NA,NA,NA,NA,NA,NA,NA,NA,NA,NA,NA,NA,NA,NA,NA,NA,NA,NA,NA,NA,NA,NA,NA,NA,NA,NA,NA,NA,NA,NA,NA,2,5,0,33,0,0,0,0,0,0.5,1.25,0,8.25,0,0,0,0,0,309.5,0,0,156.75,0,0,0,0,0,1238,0,NA,627,NA,NA,NA,NA,NA,NA,NA,NA,29.315,NA,NA,NA,NA,NA,619,NA,NA,24.3975,NA,NA,NA,NA,NA,2,5,NA,33,NA,NA,NA,NA,NA,1238,0,NA,627,NA,NA,NA,NA,NA,4,4,NA,4,NA,NA,NA,NA,NA,NA,NA,NA,13,NA,NA,NA,NA,NA,NA,NA,NA,39,NA,NA,NA,NA,NA,584,NA,NA,2,NA,NA,NA,NA,NA,654,NA,NA,60,NA,NA,NA,NA,NA,3,33,1,0,0,1,0,1,0,0,0,0,NA,NA,NA,NA,NA,1,"After",2026-01-13,"11:27:00",2026,"Jan",14,"Summer",1768343220,"4 Summer",112.652050534812,153.52894194799,0.0443844561751221,0.130268597869809,"Rocky",5.7,4,"10",1,"Reference_2",5.7,5.2300630288442,0.252569854883397,"Waning",17.55,NA,NA,TRUE,"complete"
"1",5,"1_5","Rotoiti","Stone_pile",54730,-38.0526673079263,176.47144524762,150,"Rocky",2026-04-22 13:50:00,"Sunny",NA,0,0,NA,"1","82.9889020904982","164.45001973472199",0,NA,10,100,0,0,30,30,10,30,0,0,0,NA,0,17.6,11.07,116,135.4,157.7,6.38,NA,0,0,0,0,NA,NA,NA,NA,NA,NA,NA,NA,NA,NA,NA,NA,NA,NA,NA,NA,NA,NA,NA,NA,NA,NA,NA,NA,NA,NA,NA,NA,NA,NA,NA,NA,NA,NA,NA,NA,NA,NA,NA,20,0,0,3,0,5,0,0,0,5,0,0,0.75,0,1.25,0,0,0,125.25,18,0,21.25,0,15,0,0,0,501,72,NA,85,NA,60,NA,NA,NA,NA,NA,NA,32.6666666666667,NA,NA,NA,NA,NA,125.25,72,NA,28.3333333333333,NA,60,NA,NA,NA,20,0,NA,3,NA,5,NA,NA,NA,501,72,NA,85,NA,60,NA,NA,NA,4,4,NA,4,NA,4,NA,NA,NA,NA,NA,NA,29,NA,NA,NA,NA,NA,NA,NA,NA,36,NA,NA,NA,NA,NA,2,72,NA,16,NA,60,NA,NA,NA,432,72,NA,39,NA,60,NA,NA,NA,3,8,1,0,0,1,1,1,0,0,0,0,NA,NA,NA,NA,NA,1,"After",2026-04-22,"13:50:00",2026,"Apr",22,"Autumn",1776822600,"5 Autumn",82.9889020904982,164.450019734722,0.0602490197369712,0.121617498327227,"Rocky",5.2,5,"1",1,"Stone_pile",5.55797333333333,1.16142412829822,0.300983260180967,"Waxing",NA,NA,NA,TRUE,"complete"
"2",5,"2_5","Rotoiti","Control",54730,-38.0529135570371,176.470933127575,150,"Rocky",2026-04-22 13:50:00,"Sunny",NA,0,0,NA,"1","105.445519540936","180.302636624781",70,"Flax",0,0,0,0,20,20,0,60,0,0,0,NA,0,17.6,11.07,116,135.4,157.7,6.38,NA,0,0,0,0,NA,NA,NA,NA,NA,NA,NA,NA,NA,NA,NA,NA,NA,NA,NA,NA,NA,NA,NA,NA,NA,NA,NA,NA,NA,NA,NA,NA,NA,NA,NA,NA,NA,NA,NA,NA,NA,NA,NA,0,50,0,0,0,44,0,0,0,0,12.5,0,0,0,11,0,0,0,220.25,0,0,0,0,109.75,0,0,0,881,0,NA,NA,NA,439,NA,NA,NA,NA,NA,NA,NA,NA,80,NA,NA,NA,440.5,NA,NA,NA,NA,109.75,NA,NA,NA,0,50,NA,NA,NA,44,NA,NA,NA,881,0,NA,NA,NA,439,NA,NA,NA,4,4,NA,NA,NA,4,NA,NA,NA,NA,NA,NA,NA,NA,80,NA,NA,NA,NA,NA,NA,NA,NA,80,NA,NA,NA,334,NA,NA,NA,NA,4,NA,NA,NA,547,NA,NA,NA,NA,207,NA,NA,NA,2,44,1,0,0,1,1,0,0,0,0,0,1,0,0,1,1,1,"After",2026-04-22,"13:50:00",2026,"Apr",22,"Autumn",1776822600,"5 Autumn",105.445519540936,180.302636624781,0.047417851623927,0.110924611943535,"Rocky",4.4,5,"1",0,"Control",4.4,1.16142412829822,0.300983260180967,"Waxing",NA,NA,NA,TRUE,"complete"
"3",5,"3_5","Rotoiti","Stone_pile",54730,-38.047698100528,176.341122568488,150,"Sandy",2026-04-22 12:08:00,"Sunny",NA,0,0,NA,"1","75.103042747696705","1429.22107248619",100,"grass",0,0,0,0,0,0,0,100,0,0,1,"Three-leaved milfoil",0,17.1,10.79,112,145.2,170.9,7.64,NA,0,0,0,0,NA,NA,NA,NA,NA,NA,NA,NA,NA,NA,NA,NA,NA,NA,NA,NA,NA,NA,NA,NA,NA,NA,NA,NA,NA,NA,NA,NA,NA,NA,NA,NA,NA,NA,NA,NA,NA,NA,NA,0,50,2,2,0,5,0,0,0,0,12.5,0.5,0.5,0,1.25,0,0,0,373.5,0,10.5,19,0,0.5,0,0,0,1494,0,42,76,NA,2,NA,NA,NA,NA,NA,82.5,30,NA,55,NA,NA,NA,264.666666666667,NA,21,38,NA,1,NA,NA,NA,0,50,2,2,NA,5,NA,NA,NA,1494,0,42,76,NA,2,NA,NA,NA,4,4,4,4,NA,4,NA,NA,NA,NA,NA,45,30,NA,50,NA,NA,NA,NA,NA,120,30,NA,60,NA,NA,NA,47,NA,5,22,NA,1,NA,NA,NA,600,NA,37,54,NA,1,NA,NA,NA,4,9,1,0,1,1,1,1,0,0,0,0,NA,NA,NA,NA,NA,0,"After",2026-04-22,"12:08:00",2026,"Apr",22,"Autumn",1776816480,"5 Autumn",75.1030427476967,1429.22107248619,0.0665751987811884,0.0139936363834947,"Sandy",3,5,"2",1,"Stone_pile",3.22144,1.16142412829822,0.300983260180967,"Waxing",NA,NA,NA,TRUE,"complete"
"4",5,"4_5","Rotoiti","Control",54730,-38.0480187161085,176.341484639114,150,"Sandy",2026-04-22 12:08:00,"Sunny",NA,0,0,NA,"1","73.106421389251906","1435.7027457702",80,"grass+flax",5,0,0,0,0,0,0,100,0,0,1,"Three-leaved milfoil",0,17.1,10.79,112,145.2,170.9,7.64,NA,0,0,0,0,NA,NA,NA,NA,NA,NA,NA,NA,NA,NA,NA,NA,NA,NA,NA,NA,NA,NA,NA,NA,NA,NA,NA,NA,NA,NA,NA,NA,NA,NA,NA,NA,NA,NA,NA,NA,NA,NA,NA,6,5,0,1,0,2,0,0,0,1.5,1.25,0,0.25,0,0.5,0,0,0,170.75,0,0,5.25,0,2.75,0,0,0,683,0,NA,21,NA,11,NA,NA,NA,NA,NA,NA,30,NA,75,NA,NA,NA,171.75,NA,NA,21,NA,5.5,NA,NA,NA,6,5,NA,1,NA,2,NA,NA,NA,683,0,NA,21,NA,11,NA,NA,NA,4,4,NA,4,NA,4,NA,NA,NA,NA,NA,NA,30,NA,50,NA,NA,NA,NA,NA,NA,30,NA,100,NA,NA,NA,4,NA,NA,21,NA,1,NA,NA,NA,477,NA,NA,21,NA,10,NA,NA,NA,4,3,1,0,0,1,1,1,0,0,0,0,NA,NA,NA,NA,NA,0,"After",2026-04-22,"12:08:00",2026,"Apr",22,"Autumn",1776816480,"5 Autumn",73.1064213892519,1435.7027457702,0.0683934448572954,0.0139304602285696,"Sandy",3,5,"2",1,"Control",3,1.16142412829822,0.300983260180967,"Waxing",NA,NA,NA,TRUE,"complete"
"5",5,"5_5","Rotoiti","Stone_pile",54730,-38.0222760864304,176.348643537609,150,"Sandy",2026-04-22 11:17:00,"Sunny",NA,0,0,NA,"1","267.55142706578999","1689.6854318227199",10,"Small trees",0,0,1,0,0,0,0,70,30,0,0,NA,0,13.8,10.38,100.2,133.4,169.8,7.79,NA,0,0,120,0,NA,NA,NA,NA,NA,NA,NA,NA,NA,NA,NA,NA,NA,NA,NA,NA,NA,NA,NA,NA,NA,NA,NA,NA,NA,NA,NA,NA,NA,NA,NA,NA,NA,NA,NA,NA,NA,NA,NA,0,10,4,20,0,0,1,0,0,0,2.5,1,5,0,0,0.25,0,0,179.5,0,36.25,153.5,0,0,24.25,0,0,718,0,145,614,NA,NA,97,NA,NA,NA,NA,84.1666666666667,32.53125,NA,NA,200,NA,NA,190.5,NA,25.5,29.5,NA,NA,97,NA,NA,0,10,4,20,NA,NA,1,NA,NA,718,0,145,614,NA,NA,97,NA,NA,4,4,4,4,NA,NA,4,NA,NA,NA,NA,55,22,NA,NA,200,NA,NA,NA,NA,170,45,NA,NA,200,NA,NA,44,NA,4,12,NA,NA,97,NA,NA,477,NA,113,60,NA,NA,97,NA,NA,4,25,1,0,1,1,0,1,0,1,0,1,NA,NA,NA,NA,NA,0,"After",2026-04-21,"11:17:00",2026,"Apr",22,"Autumn",1776813420,"5 Autumn",267.55142706579,1689.68543182272,0.018687996004486,0.0118365227179744,"Sandy",2.4,5,"3",1,"Stone_pile",2.66496,0.948655417912755,0.208611866380539,"Waxing",NA,NA,NA,TRUE,"complete"
"6",5,"6_5","Rotoiti","Control",54730,-38.0218725085535,176.348304238168,150,"Sandy",2026-04-22 11:17:00,"Sunny",NA,0,0,"site filled with weed","1","220.524873221001","1741.0626313093101",0,NA,0,0,1,0,0,0,0,100,0,0,1,"Hornwort",0,13.8,10.38,100.2,133.4,169.8,7.79,NA,20,0,190,0,NA,NA,NA,NA,NA,NA,NA,NA,NA,NA,NA,NA,NA,NA,NA,NA,NA,NA,NA,NA,NA,NA,NA,NA,NA,NA,NA,NA,NA,NA,NA,NA,NA,NA,NA,NA,NA,NA,NA,12,0,1,0,0,0,0,0,1,3,0,0.25,0,0,0,0,0,0.25,37.5,0,15,0,0,0,0,0,0,150,NA,60,NA,NA,NA,NA,NA,0,NA,NA,135,NA,NA,NA,NA,NA,NA,75,NA,60,NA,NA,NA,NA,NA,NA,12,NA,1,NA,NA,NA,NA,NA,1,150,NA,60,NA,NA,NA,NA,NA,0,4,NA,4,NA,NA,NA,NA,NA,4,NA,NA,135,NA,NA,NA,NA,NA,NA,NA,NA,135,NA,NA,NA,NA,NA,NA,15,NA,60,NA,NA,NA,NA,NA,NA,135,NA,60,NA,NA,NA,NA,NA,NA,3,2,1,0,1,0,0,0,1,0,0,0,NA,NA,NA,NA,NA,0,"After",2026-04-21,"11:17:00",2026,"Apr",22,"Autumn",1776813420,"5 Autumn",220.524873221001,1741.06263130931,0.022673179342401,0.0114872375297376,"Sandy",3,5,"3",0,"Control",3,0.948655417912755,0.208611866380539,"Waxing",NA,NA,NA,TRUE,"compromised"
"7",5,"7_5","Rotoiti","Stone_pile",54730,-38.0400700989088,176.368333417899,150,"Sandy",2026-04-22 12:56:00,"Sunny",NA,0,0,NA,"1","130.67824847969601","334.10486413213903",100,"Grass",0,0,0,0,0,0,0,100,0,0,0,NA,0,18.3,9.44,100.5,262.3,300.7,3.94,NA,0,0,5,80,NA,NA,NA,NA,NA,NA,NA,NA,NA,NA,NA,NA,NA,NA,NA,NA,NA,NA,NA,NA,NA,NA,NA,NA,NA,NA,NA,NA,NA,NA,NA,NA,NA,NA,NA,NA,NA,NA,NA,0,5,1,3,0,12,0,0,0,0,1.25,0.25,0.75,0,3,0,0,0,440.75,0,25.75,30.25,0,34.5,0,0,0,1763,0,103,121,NA,138,NA,NA,NA,NA,NA,165,36,NA,98.75,NA,NA,NA,311.5,NA,103,40.3333333333333,NA,11.5,NA,NA,NA,0,5,1,3,NA,12,NA,NA,NA,1763,0,103,121,NA,138,NA,NA,NA,4,4,4,4,NA,4,NA,NA,NA,NA,NA,165,23,NA,50,NA,NA,NA,NA,NA,165,49,NA,140,NA,NA,NA,53,NA,103,10,NA,1,NA,NA,NA,647,NA,103,74,NA,30,NA,NA,NA,4,16,1,0,1,1,1,1,0,0,0,0,NA,NA,NA,NA,NA,0,"After",2026-04-22,"12:56:00",2026,"Apr",22,"Autumn",1776819360,"5 Autumn",130.678248479696,334.104864132139,0.0382619147269706,0.0598614451542075,"Sandy",3,5,"4",1,"Stone_pile",3.20373333333333,1.16142412829822,0.300983260180967,"Waxing",NA,NA,NA,TRUE,"complete"
"8",5,"8_5","Rotoiti","Control",54730,-38.0399884269911,176.367640974845,150,"Sandy",2026-04-22 12:56:00,"Sunny",NA,0,0,NA,"1","69.508184012671805","381.61439291613999",30,"Grass",0,0,0,0,0,0,0,100,0,0,0,NA,0,18.3,9.44,100.5,262.3,300.7,3.94,NA,0,0,0,0,NA,NA,NA,NA,NA,NA,NA,NA,NA,NA,NA,NA,NA,NA,NA,NA,NA,NA,NA,NA,NA,NA,NA,NA,NA,NA,NA,NA,NA,NA,NA,NA,NA,NA,NA,NA,NA,NA,NA,4,0,0,0,0,0,0,0,0,1,0,0,0,0,0,0,0,0,90.5,103,0,0,0,0,0,0,0,362,412,NA,NA,NA,NA,NA,NA,NA,NA,NA,NA,NA,NA,NA,NA,NA,NA,181,412,NA,NA,NA,NA,NA,NA,NA,4,0,NA,NA,NA,NA,NA,NA,NA,362,412,NA,NA,NA,NA,NA,NA,NA,4,4,NA,NA,NA,NA,NA,NA,NA,NA,NA,NA,NA,NA,NA,NA,NA,NA,NA,NA,NA,NA,NA,NA,NA,NA,NA,1,412,NA,NA,NA,NA,NA,NA,NA,361,412,NA,NA,NA,NA,NA,NA,NA,1,0,1,0,0,1,0,0,0,0,0,0,2,0,0,1,2,0,"After",2026-04-22,"12:56:00",2026,"Apr",22,"Autumn",1776819360,"5 Autumn",69.5081840126718,381.61439291614,0.0719339754163116,0.0524089247451288,"Sandy",3,5,"4",0,"Control",3,1.16142412829822,0.300983260180967,"Waxing",NA,NA,NA,TRUE,"complete"
"9",5,"9_5","Rotoiti","Stone_pile",54730,-38.0149838,176.4133799,150,"Sandy",2026-04-22 10:13:00,"Cloudy",NA,0,0,NA,"1","168.339491020125","259.826404337621",0,NA,0,0,0,0,5,0,15,80,0,0,0,NA,3,16.1,9.57,97.2,123.2,148.3,7.83,NA,0,0,0,20,NA,NA,NA,NA,NA,NA,NA,NA,NA,NA,NA,NA,NA,NA,NA,NA,NA,NA,NA,NA,NA,NA,NA,NA,NA,NA,NA,NA,NA,NA,NA,NA,NA,NA,NA,NA,NA,NA,NA,5,30,1,10,0,18,0,0,0,1.25,7.5,0.25,2.5,0,4.5,0,0,0,827.5,0,34.25,37.5,0,37.25,0,0,0,3310,0,137,150,NA,149,NA,NA,NA,NA,NA,180,25.6958333333333,NA,88.0555555555556,NA,NA,NA,239.428571428571,NA,137,16.625,NA,8.27777777777778,NA,NA,NA,5,30,1,10,NA,18,NA,NA,NA,3310,0,137,150,NA,149,NA,NA,NA,4,4,4,4,NA,4,NA,NA,NA,NA,NA,180,12,NA,50,NA,NA,NA,NA,NA,180,34.19,NA,110,NA,NA,NA,7,NA,137,1,NA,1,NA,NA,NA,625,NA,137,34,NA,18,NA,NA,NA,5,29,1,0,1,1,1,1,0,0,0,0,NA,NA,NA,NA,NA,1,"After",2026-04-21,"10:13:00",2026,"Apr",22,"Autumn",1776809580,"5 Autumn",168.339491020125,259.826404337621,0.029701883792688,0.076974470901009,"Sandy",3.35,5,"5",1,"Stone_pile",3.61389333333333,0.948655417912755,0.208611866380539,"Waxing",NA,NA,NA,TRUE,"complete"
"10",5,"10_5","Rotoiti","Control",54730,-38.0149894250948,176.414205051426,150,"Rocky",2026-04-22 10:13:00,"Cloudy",NA,0,0,NA,"1","138.622117701376","221.36538172916099",20,"Flax",0,0,0,0,0,50,50,0,0,0,0,NA,0,16.1,9.57,97.2,123.2,148.3,7.83,NA,0,0,0,0,NA,NA,NA,NA,NA,NA,NA,NA,NA,NA,NA,NA,NA,NA,NA,NA,NA,NA,NA,NA,NA,NA,NA,NA,NA,NA,NA,NA,NA,NA,NA,NA,NA,NA,NA,NA,NA,NA,NA,5,30,0,12,0,22,0,0,0,1.25,7.5,0,3,0,5.5,0,0,0,861.5,0,0,49.75,0,66.25,0,0,0,3446,0,NA,199,NA,265,NA,NA,NA,NA,NA,NA,23.9545454545455,NA,96.6666666666667,NA,NA,NA,218,NA,NA,13.1363636363636,NA,44.1666666666667,NA,NA,NA,5,30,NA,12,NA,22,NA,NA,NA,3446,0,NA,199,NA,265,NA,NA,NA,4,4,NA,4,NA,4,NA,NA,NA,NA,NA,NA,18,NA,90,NA,NA,NA,NA,NA,NA,36,NA,100,NA,NA,NA,6,NA,NA,4,NA,9,NA,NA,NA,592,NA,NA,31,NA,168,NA,NA,NA,4,34,1,0,0,1,1,1,0,0,0,0,NA,NA,NA,NA,NA,1,"After",2026-04-21,"10:13:00",2026,"Apr",22,"Autumn",1776809580,"5 Autumn",138.622117701376,221.365381729161,0.0360692801618509,0.090348363613918,"Rocky",5,5,"5",1,"Control",5,0.948655417912755,0.208611866380539,"Waxing",NA,NA,NA,TRUE,"complete"
"11",5,"11_5","Rotoiti","Reference",54730,-38.0276056022708,176.40494378912,150,"Rocky",2026-04-20 14:59:00,"Cloudy",4,0,0,NA,"1","38.942244562325001","121.850769016352",0,"0",0,0,0,0,90,0,0,10,0,0,0,NA,0,17.9,9.66,101.9,139.2,161,7.4,NA,0,0,0,0,NA,NA,NA,NA,NA,NA,NA,NA,NA,NA,NA,NA,NA,NA,NA,NA,NA,NA,NA,NA,NA,NA,NA,NA,NA,NA,NA,NA,NA,NA,NA,NA,NA,NA,NA,NA,NA,NA,NA,3,0,11,2,0,4,1,0,0,0.75,0,2.75,0.5,0,1,0.25,0,0,238.75,300,289.75,7.5,0,35.5,72.5,0,0,955,1200,1159,30,NA,142,290,NA,NA,NA,NA,157.090909090909,30.22,NA,160,260,NA,NA,477.5,600,105.363636363636,15,NA,71,290,NA,NA,3,0,11,2,NA,4,1,NA,NA,955,1200,1159,30,NA,142,290,NA,NA,4,4,4,4,NA,4,4,NA,NA,NA,NA,113,30.14,NA,140,260,NA,NA,NA,NA,200,30.3,NA,180,260,NA,NA,389,600,11,9,NA,60,290,NA,NA,566,600,200,21,NA,82,290,NA,NA,5,18,1,0,1,1,1,1,0,1,0,1,NA,NA,NA,NA,NA,1,"After",2026-04-20,"14:59:00",2026,"Apr",20,"Autumn",1776653940,"5 Autumn",38.942244562325,121.850769016352,0.128395269871971,0.164135197187931,"Rocky",6.6,5,"6",1,"Reference_1",6.6,0.735886707526934,0.129382076415203,"New",NA,NA,NA,TRUE,"complete"
"12",5,"12_5","Rotoiti","Reference",54730,-38.027783,176.4042814,150,"Rocky",2026-04-20 14:59:00,"Cloudy",4,0,0,NA,"1","70.918634145760194","162.05012479636801",100,"Native forest",100,0,0,0,20,80,0,0,0,0,0,NA,0,17.9,9.66,101.9,139.2,161,7.4,NA,0,0,0,0,NA,NA,NA,NA,NA,NA,NA,NA,NA,NA,NA,NA,NA,NA,NA,NA,NA,NA,NA,NA,NA,NA,NA,NA,NA,NA,NA,NA,NA,NA,NA,NA,NA,NA,NA,NA,NA,NA,NA,0,30,3,3,0,25,0,0,0,0,7.5,0.75,0.75,0,6.25,0,0,0,597.25,130,141,14.5,0,58.25,0,0,0,2389,520,564,58,NA,233,NA,NA,NA,NA,NA,146.25,29.1875,NA,62.5,NA,NA,NA,477.8,520,141,22,NA,46.6,NA,NA,NA,0,30,3,3,NA,25,NA,NA,NA,2389,520,564,58,NA,233,NA,NA,NA,4,4,4,4,NA,4,NA,NA,NA,NA,NA,50,14.46,NA,50,NA,NA,NA,NA,NA,210,37.38,NA,100,NA,NA,NA,177,520,81,14,NA,1,NA,NA,NA,664,520,185,30,NA,220,NA,NA,NA,4,31,1,0,1,1,1,1,0,0,0,0,NA,NA,NA,NA,NA,1,"After",2026-04-20,"14:59:00",2026,"Apr",20,"Autumn",1776653940,"5 Autumn",70.9186341457602,162.050124796368,0.0705033318848671,0.123418602886804,"Rocky",6.2,5,"6",1,"Reference_2",6.2,0.735886707526934,0.129382076415203,"New",NA,NA,NA,TRUE,"complete"
"13",5,"13_5","Rotoiti","Reference",54730,-38.0401949,176.3586787,150,"Sandy",2026-04-20 13:57:00,"Cloudy",4,0,0,NA,"1","63.335015819361701","218.54441100186699",100,"Native forest",100,0,0,10,0,0,10,80,0,0,0,NA,0,18.8,10.37,111.3,153.2,173.8,7.16,NA,0,0,0,0,NA,NA,NA,NA,NA,NA,NA,NA,NA,NA,NA,NA,NA,NA,NA,NA,NA,NA,NA,NA,NA,NA,NA,NA,NA,NA,NA,NA,NA,NA,NA,NA,NA,NA,NA,NA,NA,NA,NA,0,30,0,0,0,3,0,0,0,0,7.5,0,0,0,0.75,0,0,0,360.5,0,0,0,0,8.25,0,0,0,1442,0,NA,NA,NA,33,NA,NA,NA,NA,NA,NA,NA,NA,100,NA,NA,NA,480.666666666667,NA,NA,NA,NA,11,NA,NA,NA,0,30,NA,NA,NA,3,NA,NA,NA,1442,0,NA,NA,NA,33,NA,NA,NA,4,4,NA,NA,NA,4,NA,NA,NA,NA,NA,NA,NA,NA,95,NA,NA,NA,NA,NA,NA,NA,NA,110,NA,NA,NA,200,NA,NA,NA,NA,9,NA,NA,NA,657,NA,NA,NA,NA,15,NA,NA,NA,2,3,1,0,0,1,1,0,0,0,0,0,NA,NA,NA,NA,NA,0,"After",2026-04-20,"13:57:00",2026,"Apr",20,"Autumn",1776650220,"5 Autumn",63.3350158193617,218.544411001867,0.0789452711950138,0.0915145800723732,"Sandy",3.6,5,"7",0,"Reference_1",3.6,0.735886707526934,0.129382076415203,"New",NA,NA,NA,TRUE,"complete"
"14",5,"14_5","Rotoiti","Reference",54730,-38.0398114,176.3581623,150,"Sandy",2026-04-20 13:57:00,"Cloudy",4,0,0,NA,"1","59.880478669367001","183.12960987940701",100,"Native forest",100,0,0,10,0,0,0,90,0,0,0,NA,0,18.8,10.37,111.3,153.2,173.8,7.16,NA,0,0,0,30,NA,NA,NA,NA,NA,NA,NA,NA,NA,NA,NA,NA,NA,NA,NA,NA,NA,NA,NA,NA,NA,NA,NA,NA,NA,NA,NA,NA,NA,NA,NA,NA,NA,NA,NA,NA,NA,NA,NA,1,200,2,0,0,0,0,0,0,0.25,50,0.5,0,0,0,0,0,0,240.25,0,66.25,0,0,0,0,0,0,961,0,265,NA,NA,NA,NA,NA,NA,NA,NA,117.5,NA,NA,NA,NA,NA,NA,480.5,NA,132.5,NA,NA,NA,NA,NA,NA,1,200,2,NA,NA,NA,NA,NA,NA,961,0,265,NA,NA,NA,NA,NA,NA,4,4,4,NA,NA,NA,NA,NA,NA,NA,NA,65,NA,NA,NA,NA,NA,NA,NA,NA,170,NA,NA,NA,NA,NA,NA,300,NA,95,NA,NA,NA,NA,NA,NA,661,NA,170,NA,NA,NA,NA,NA,NA,3,2,1,0,1,1,0,0,0,0,0,0,NA,NA,NA,NA,NA,0,"After",2026-04-20,"13:57:00",2026,"Apr",20,"Autumn",1776650220,"5 Autumn",59.880478669367,183.129609879407,0.083499666520833,0.109212267820426,"Sandy",3.5,5,"7",0,"Reference_2",3.5,0.735886707526934,0.129382076415203,"New",NA,NA,NA,TRUE,"complete"
"15",5,"15_5","Rotoiti","Reference",54730,-38.0354320054637,176.345087343881,150,"Rocky",2026-04-20 13:39:00,"Cloudy",4,0,0,NA,"1","57.9411293181277","639.03395274642901",100,"Native forest",100,0,0,50,0,0,0,20,0,30,1,"Hornwort",6,17.7,9.61,100.9,142.9,166.2,9.48,NA,0,0,0,0,NA,NA,NA,NA,NA,NA,NA,NA,NA,NA,NA,NA,NA,NA,NA,NA,NA,NA,NA,NA,NA,NA,NA,NA,NA,NA,NA,NA,NA,NA,NA,NA,NA,NA,NA,NA,NA,NA,NA,20,60,5,6,0,5,0,0,0,5,15,1.25,1.5,0,1.25,0,0,0,189,0,68.5,56.25,0,11.5,0,0,0,756,0,274,225,NA,46,NA,NA,NA,NA,NA,113,35.7466666666667,NA,92,NA,NA,NA,190.5,NA,54.8,37.5,NA,9.2,NA,NA,NA,20,60,5,6,NA,5,NA,NA,NA,756,0,274,225,NA,46,NA,NA,NA,4,4,4,4,NA,4,NA,NA,NA,NA,NA,60,23.36,NA,75,NA,NA,NA,NA,NA,170,50,NA,120,NA,NA,NA,6,NA,3,15,NA,5,NA,NA,NA,520,NA,150,70,NA,20,NA,NA,NA,5,16,1,0,1,1,1,1,0,0,0,0,NA,NA,NA,NA,NA,0,"After",2026-04-20,"13:39:00",2026,"Apr",20,"Autumn",1776649140,"5 Autumn",57.9411293181277,639.033952746429,0.0862944864700053,0.0312972415848084,"Rocky",5.2,5,"8",1,"Reference_1",5.2,0.735886707526934,0.129382076415203,"New",NA,NA,NA,TRUE,"complete"
"16",5,"16_5","Rotoiti","Reference",54730,-38.035946522854,176.345727107707,150,"Rocky",2026-04-20 13:39:00,"Cloudy",4,0,0,NA,"1","27.586278169075001","565.61863728637502",100,"Native forest",100,0,0,50,0,0,0,20,0,30,0,NA,2,17.7,9.61,100.9,142.9,166.2,9.48,NA,0,0,0,0,NA,NA,NA,NA,NA,NA,NA,NA,NA,NA,NA,NA,NA,NA,NA,NA,NA,NA,NA,NA,NA,NA,NA,NA,NA,NA,NA,NA,NA,NA,NA,NA,NA,NA,NA,NA,NA,NA,NA,0,6,1,0,0,1,1,0,0,0,1.5,0.25,0,0,0.25,0.25,0,0,55.25,0,15,0,0,23.75,125,0,0,221,0,60,NA,NA,95,500,NA,NA,NA,NA,155,NA,NA,6,330,NA,NA,221,NA,60,NA,NA,95,500,NA,NA,0,6,1,NA,NA,1,1,NA,NA,221,0,60,NA,NA,95,500,NA,NA,4,4,4,NA,NA,4,4,NA,NA,NA,NA,155,NA,NA,6,330,NA,NA,NA,NA,155,NA,NA,6,330,NA,NA,221,NA,60,NA,NA,95,500,NA,NA,221,NA,60,NA,NA,95,500,NA,NA,4,3,1,0,1,1,1,0,0,1,0,1,NA,NA,NA,NA,NA,0,"After",2026-04-20,"13:39:00",2026,"Apr",20,"Autumn",1776649140,"5 Autumn",27.586278169075,565.618637286375,0.181249531718459,0.0353595137811449,"Rocky",5.2,5,"8",0,"Reference_2",5.2,0.735886707526934,0.129382076415203,"New",NA,NA,NA,TRUE,"complete"
"17",5,"17_5","Rotoiti","Reference",54730,-38.0174132,176.3755268,150,"Rocky",2026-04-20 14:24:00,"Cloudy",4,0,0,NA,"1","13.9155980353024","411.55710413086803",100,"Native forest",100,0,0,0,50,0,0,50,0,0,0,NA,30,17.9,8.76,92.4,138.7,160.4,7.51,NA,0,0,0,0,NA,NA,NA,NA,NA,NA,NA,NA,NA,NA,NA,NA,NA,NA,NA,NA,NA,NA,NA,NA,NA,NA,NA,NA,NA,NA,NA,NA,NA,NA,NA,NA,NA,NA,NA,NA,NA,NA,NA,0,3,0,7,1,4,4,0,0,0,0.75,0,1.75,0.25,1,1,0,0,66.25,0,0,31,0,17.25,53.25,0,0,265,0,NA,124,0,69,213,NA,NA,NA,NA,NA,30.5085,NA,113.75,146.25,NA,NA,265,NA,NA,21.4,NA,17.25,53.25,NA,NA,0,3,NA,7,1,4,4,NA,NA,265,0,NA,124,0,69,213,NA,NA,4,4,NA,4,4,4,4,NA,NA,NA,NA,NA,17.09,NA,95,75,NA,NA,NA,NA,NA,39.31,NA,145,180,NA,NA,265,NA,NA,2,NA,6,7,NA,NA,265,NA,NA,41,NA,30,90,NA,NA,5,16,1,1,0,1,1,1,0,1,0,1,NA,NA,NA,NA,NA,1,"After",2026-04-20,"14:24:00",2026,"Apr",20,"Autumn",1776651840,"5 Autumn",13.9155980353024,411.557104130868,0.359309027705136,0.0485959294573138,"Rocky",5,5,"9",1,"Reference_1",5,0.735886707526934,0.129382076415203,"New",NA,NA,NA,TRUE,"complete"
"18",5,"18_5","Rotoiti","Reference",54730,-38.0172588,176.3757789,150,"Rocky",2026-04-20 14:24:00,"Cloudy",4,0,0,NA,"1","10.2582815366794","393.99543134125298",100,"Native forest",100,0,0,0,80,0,0,20,0,0,0,NA,7,17.9,8.76,92.4,138.7,160.4,7.51,NA,0,0,0,0,NA,NA,NA,NA,NA,NA,NA,NA,NA,NA,NA,NA,NA,NA,NA,NA,NA,NA,NA,NA,NA,NA,NA,NA,NA,NA,NA,NA,NA,NA,NA,NA,NA,NA,NA,NA,NA,NA,NA,9,10,0,3,0,1,1,0,0,2.25,2.5,0,0.75,0,0.25,0.25,0,0,27.75,0,0,5.25,0,4,0,0,0,111,0,NA,21,NA,16,0,NA,NA,NA,NA,NA,25.5933333333333,NA,130,65,NA,NA,55.5,NA,NA,7,NA,16,NA,NA,NA,9,10,NA,3,NA,1,1,NA,NA,111,0,NA,21,NA,16,0,NA,NA,4,4,NA,4,NA,4,4,NA,NA,NA,NA,NA,18.56,NA,130,65,NA,NA,NA,NA,NA,29.5,NA,130,65,NA,NA,11,NA,NA,3,NA,16,NA,NA,NA,100,NA,NA,9,NA,16,NA,NA,NA,5,5,1,0,0,1,1,1,0,1,0,1,NA,NA,NA,NA,NA,1,"After",2026-04-20,"14:24:00",2026,"Apr",20,"Autumn",1776651840,"5 Autumn",10.2582815366794,393.995431341253,0.487411071934617,0.0507620099347734,"Rocky",6.2,5,"9",1,"Reference_2",6.2,0.735886707526934,0.129382076415203,"New",NA,NA,NA,TRUE,"complete"
"19",5,"19_5","Rotoiti","Reference",54730,-38.01677,176.421,150,"Rocky",2026-04-20 14:42:00,"Cloudy",4,0,0,NA,"1","142.69564315661299","187.90193049333001",100,"Native forest",100,0,0,0,0,90,0,10,0,0,1,"Hornwort",4,18.1,9.41,99.7,140.6,161.9,7.28,NA,0,0,0,0,NA,NA,NA,NA,NA,NA,NA,NA,NA,NA,NA,NA,NA,NA,NA,NA,NA,NA,NA,NA,NA,NA,NA,NA,NA,NA,NA,NA,NA,NA,NA,NA,NA,NA,NA,NA,NA,NA,NA,9,0,0,30,0,8,0,0,0,2.25,0,0,7.5,0,2,0,0,0,166.5,210,0,97.75,0,31.25,0,0,0,666,840,NA,391,NA,125,NA,NA,NA,NA,NA,NA,29.8591666666667,NA,97.5,NA,NA,NA,333,420,NA,15.3333333333333,NA,15.625,NA,NA,NA,9,0,NA,30,NA,8,NA,NA,NA,666,840,NA,391,NA,125,NA,NA,NA,4,4,NA,4,NA,4,NA,NA,NA,NA,NA,NA,17.45,NA,50,NA,NA,NA,NA,NA,NA,40.63,NA,145,NA,NA,NA,160,400,NA,1,NA,1,NA,NA,NA,506,440,NA,39,NA,50,NA,NA,NA,3,38,1,0,0,1,1,1,0,0,0,0,NA,NA,NA,NA,NA,1,"After",2026-04-20,"14:42:00",2026,"Apr",20,"Autumn",1776652920,"5 Autumn",142.695643156613,187.90193049333,0.0350396122081481,0.106438501975422,"Rocky",5.7,5,"10",1,"Reference_1",5.7,0.735886707526934,0.129382076415203,"New",NA,NA,NA,TRUE,"complete"
"20",5,"20_5","Rotoiti","Reference",54730,-38.0170202210521,176.420489675691,150,"Rocky",2026-04-20 14:42:00,"Cloudy",4,0,0,NA,"1","112.65205053481201","153.52894194799001",100,"Native forest",100,0,0,0,0,90,0,10,0,0,1,"Hornwort",0,18.1,9.41,99.7,140.6,161.9,7.28,NA,0,0,0,0,NA,NA,NA,NA,NA,NA,NA,NA,NA,NA,NA,NA,NA,NA,NA,NA,NA,NA,NA,NA,NA,NA,NA,NA,NA,NA,NA,NA,NA,NA,NA,NA,NA,NA,NA,NA,NA,NA,NA,14,40,0,34,0,23,0,0,0,3.5,10,0,8.5,0,5.75,0,0,0,374.5,0,0,140.5,0,66.75,0,0,0,1498,0,NA,562,NA,267,NA,NA,NA,NA,NA,NA,31.9529166666667,NA,102.083333333333,NA,NA,NA,255,NA,NA,19.1166666666667,NA,19.0714285714286,NA,NA,NA,14,40,NA,34,NA,23,NA,NA,NA,1498,0,NA,562,NA,267,NA,NA,NA,4,4,NA,4,NA,4,NA,NA,NA,NA,NA,NA,17.36,NA,75,NA,NA,NA,NA,NA,NA,42.7,NA,150,NA,NA,NA,16,NA,NA,4,NA,8,NA,NA,NA,737,NA,NA,38,NA,55,NA,NA,NA,4,57,1,0,0,1,1,1,0,0,0,0,NA,NA,NA,NA,NA,1,"After",2026-04-20,"14:42:00",2026,"Apr",20,"Autumn",1776652920,"5 Autumn",112.652050534812,153.52894194799,0.0443844561751221,0.130268597869809,"Rocky",5.7,5,"10",1,"Reference_2",5.7,0.735886707526934,0.129382076415203,"New",NA,NA,NA,TRUE,"complete"
"1",6,"1_6","Rotoiti","Stone_pile",54730,-38.0526673079263,176.47144524762,150,"Rocky",2026-07-29 12:35:00,"Sunny",NA,0,0,NA,"1","82.9889020904982","164.45001973472199",0,NA,10,100,0,0,30,30,10,30,0,0,0,NA,0,13.2,11.26,107.5,127.4,164.4,7.18,NA,NA,NA,NA,NA,NA,NA,NA,NA,NA,NA,NA,NA,NA,NA,NA,NA,NA,NA,NA,NA,NA,NA,NA,NA,NA,NA,NA,NA,NA,NA,NA,NA,NA,NA,NA,NA,NA,NA,NA,NA,NA,NA,NA,0,0,0,0,0,8,0,0,0,0,0,0,0,0,2,0,0,0,220.75,8.25,0,0,0,19.5,0,0,0,883,33,NA,NA,NA,78,NA,NA,NA,NA,NA,NA,NA,NA,95.625,NA,NA,NA,223.25,33,NA,NA,NA,9.75,NA,NA,NA,0,0,NA,NA,NA,8,NA,NA,NA,883,33,NA,NA,NA,78,NA,NA,NA,4,4,NA,NA,NA,4,NA,NA,NA,NA,NA,NA,NA,NA,80,NA,NA,NA,NA,NA,NA,NA,NA,115,NA,NA,NA,10,33,NA,NA,NA,4,NA,NA,NA,582,33,NA,NA,NA,17,NA,NA,NA,1,8,1,0,0,1,1,0,0,0,0,0,NA,NA,NA,NA,NA,1,"After",2026-07-29,"12:35:00",2026,"Jul",29,"Winter",1785285300,"6 Winter",82.9889020904982,164.450019734722,0.0602490197369712,0.121617498327227,"Rocky",5.2,6,"1",0,"Stone_pile",5.55797333333333,3.16320182454636,0.999883265475242,"Full",56.37375,NA,12.2928645833333,TRUE,"complete"
"2",6,"2_6","Rotoiti","Control",54730,-38.0529135570371,176.470933127575,150,"Rocky",2026-07-29 12:19:00,"Sunny",NA,0,0,NA,"1","105.445519540936","180.302636624781",70,"Flax",0,0,0,0,20,20,0,60,0,0,0,NA,0,12.7,10.65,100.6,126.6,165.2,6.45,NA,NA,NA,NA,NA,NA,NA,NA,NA,NA,NA,NA,NA,NA,NA,NA,NA,NA,NA,NA,NA,NA,NA,NA,NA,NA,NA,NA,NA,NA,NA,NA,NA,NA,NA,NA,NA,NA,NA,NA,NA,NA,NA,NA,8,0,0,1,0,18,0,0,0,2,0,0,0.25,0,4.5,0,0,0,273.25,86,0,4.25,0,37.5,0,0,0,1093,344,NA,17,NA,150,NA,NA,NA,NA,NA,NA,29,NA,91.6666666666667,NA,NA,NA,277.75,344,NA,17,NA,8.33333333333333,NA,NA,NA,8,0,NA,1,NA,18,NA,NA,NA,1093,344,NA,17,NA,150,NA,NA,NA,4,4,NA,4,NA,4,NA,NA,NA,NA,NA,NA,29,NA,60,NA,NA,NA,NA,NA,NA,29,NA,115,NA,NA,NA,18,344,NA,17,NA,2,NA,NA,NA,598,344,NA,17,NA,18,NA,NA,NA,3,19,1,0,0,1,1,1,0,0,0,0,NA,NA,NA,NA,NA,1,"After",2026-07-29,"12:19:00",2026,"Jul",29,"Winter",1785284340,"6 Winter",105.445519540936,180.302636624781,0.047417851623927,0.110924611943535,"Rocky",4.4,6,"1",1,"Control",4.4,3.16320182454636,0.999883265475242,"Full",56.37375,NA,12.2928645833333,TRUE,"complete"
"3",6,"3_6","Rotoiti","Stone_pile",54730,-38.047698100528,176.341122568488,150,"Sandy",2026-07-29 10:35:00,"Sunny",NA,0,0,NA,"1","75.103042747696705","1429.22107248619",100,"grass",0,0,0,0,0,0,0,100,0,0,1,"Three-leaved milfoil",0,10.6,11.76,105.8,123.3,169.9,7.29,NA,NA,NA,NA,NA,NA,NA,NA,NA,NA,NA,NA,NA,NA,NA,NA,NA,NA,NA,NA,NA,NA,NA,NA,NA,NA,NA,NA,NA,NA,NA,NA,NA,NA,NA,NA,NA,NA,NA,NA,NA,NA,NA,NA,3,7,0,0,0,1,0,0,0,0.75,1.75,0,0,0,0.25,0,0,0,175.75,0,0,0,0,0.25,0,0,0,703,0,NA,NA,NA,1,NA,NA,NA,NA,NA,NA,NA,NA,50,NA,NA,NA,351.5,NA,NA,NA,NA,1,NA,NA,NA,3,7,NA,NA,NA,1,NA,NA,NA,703,0,NA,NA,NA,1,NA,NA,NA,4,4,NA,NA,NA,4,NA,NA,NA,NA,NA,NA,NA,NA,50,NA,NA,NA,NA,NA,NA,NA,NA,50,NA,NA,NA,87,NA,NA,NA,NA,1,NA,NA,NA,616,NA,NA,NA,NA,1,NA,NA,NA,3,1,1,0,0,1,1,0,0,0,0,0,1,0,0,1,1,0,"After",2026-07-28,"10:35:00",2026,"Jul",29,"Winter",1785278100,"6 Winter",75.1030427476967,1429.22107248619,0.0665751987811884,0.0139936363834947,"Sandy",3,6,"2",0,"Stone_pile",3.22144,2.95043311416054,0.99089229283161,"Full",56.3617647058824,NA,12.3095098039216,TRUE,"complete"
"4",6,"4_6","Rotoiti","Control",54730,-38.0480187161085,176.341484639114,150,"Sandy",2026-07-29 10:35:00,"Sunny",NA,0,0,NA,"1","73.106421389251906","1435.7027457702",80,"grass+flax",5,0,0,0,0,0,0,100,0,0,1,"Three-leaved milfoil",0,10.6,11.76,105.8,123.3,169.9,7.29,NA,NA,NA,NA,NA,NA,NA,NA,NA,NA,NA,NA,NA,NA,NA,NA,NA,NA,NA,NA,NA,NA,NA,NA,NA,NA,NA,NA,NA,NA,NA,NA,NA,NA,NA,NA,NA,NA,NA,NA,NA,NA,NA,NA,8,2,0,0,1,0,0,0,0,2,0.5,0,0,0.25,0,0,0,0,86,0,0,0,0,0,0,0,0,344,0,NA,NA,0,NA,NA,NA,NA,NA,NA,NA,NA,1000,NA,NA,NA,NA,344,NA,NA,NA,NA,NA,NA,NA,NA,8,2,NA,NA,1,NA,NA,NA,NA,344,0,NA,NA,0,NA,NA,NA,NA,4,4,NA,NA,4,NA,NA,NA,NA,NA,NA,NA,NA,1000,NA,NA,NA,NA,NA,NA,NA,NA,1000,NA,NA,NA,NA,344,NA,NA,NA,NA,NA,NA,NA,NA,344,NA,NA,NA,NA,NA,NA,NA,NA,3,1,1,1,0,1,0,0,0,0,0,1,1,0,0,1,1,0,"After",2026-07-28,"10:35:00",2026,"Jul",29,"Winter",1785278100,"6 Winter",73.1064213892519,1435.7027457702,0.0683934448572954,0.0139304602285696,"Sandy",3,6,"2",0,"Control",3,2.95043311416054,0.99089229283161,"Full",56.3617647058824,NA,12.3095098039216,TRUE,"complete"
"5",6,"5_6","Rotoiti","Stone_pile",54730,-38.0222760864304,176.348643537609,150,"Sandy",2026-07-29 09:47:00,"Sunny",NA,0,0,"site filled with weed","1","267.55142706578999","1689.6854318227199",10,"Small trees",0,0,1,0,0,0,0,70,30,0,0,NA,0,8.3,11.19,95.2,117.6,172.8,7.1,NA,NA,NA,NA,NA,NA,NA,NA,NA,NA,NA,NA,NA,NA,NA,NA,NA,NA,NA,NA,NA,NA,NA,NA,NA,NA,NA,NA,NA,NA,NA,NA,NA,NA,NA,NA,NA,NA,NA,NA,NA,NA,NA,NA,13,2,1,0,0,1,0,0,0,3.25,0.5,0.25,0,0,0.25,0,0,0,93.25,0,1,0,0,4.75,0,0,0,373,0,4,NA,NA,19,NA,NA,NA,NA,NA,60,NA,NA,NA,NA,NA,NA,373,NA,4,NA,NA,19,NA,NA,NA,13,2,1,NA,NA,1,NA,NA,NA,373,0,4,NA,NA,19,NA,NA,NA,4,4,4,NA,NA,4,NA,NA,NA,NA,NA,60,NA,NA,NA,NA,NA,NA,NA,NA,60,NA,NA,NA,NA,NA,NA,373,NA,4,NA,NA,19,NA,NA,NA,373,NA,4,NA,NA,19,NA,NA,NA,4,2,1,0,1,1,1,0,0,0,0,0,NA,NA,NA,NA,NA,0,"After",2026-07-28,"09:47:00",2026,"Jul",29,"Winter",1785275220,"6 Winter",267.55142706579,1689.68543182272,0.018687996004486,0.0118365227179744,"Sandy",2.4,6,"3",0,"Stone_pile",2.66496,2.95043311416054,0.99089229283161,"Full",56.3617647058824,NA,12.3095098039216,TRUE,"compromised"
"6",6,"6_6","Rotoiti","Control",54730,-38.0218725085535,176.348304238168,150,"Sandy",2026-07-29 09:47:00,"Sunny",NA,0,0,"site filled with weed","1","220.524873221001","1741.0626313093101",0,NA,0,0,1,0,0,0,0,100,0,0,1,"Hornwort",0,8.3,11.19,95.2,117.6,172.8,7.1,NA,NA,NA,NA,NA,NA,NA,NA,NA,NA,NA,NA,NA,NA,NA,NA,NA,NA,NA,NA,NA,NA,NA,NA,NA,NA,NA,NA,NA,NA,NA,NA,NA,NA,NA,NA,NA,NA,NA,NA,NA,NA,NA,NA,7,0,0,0,0,0,0,0,2,1.75,0,0,0,0,0,0,0,0.5,0,0,0,0,0,0,0,0,0,0,NA,NA,NA,NA,NA,NA,NA,0,NA,NA,NA,NA,NA,NA,NA,NA,NA,NA,NA,NA,NA,NA,NA,NA,NA,NA,7,NA,NA,NA,NA,NA,NA,NA,2,0,NA,NA,NA,NA,NA,NA,NA,0,4,NA,NA,NA,NA,NA,NA,NA,4,NA,NA,NA,NA,NA,NA,NA,NA,NA,NA,NA,NA,NA,NA,NA,NA,NA,NA,NA,NA,NA,NA,NA,NA,NA,NA,NA,NA,NA,NA,NA,NA,NA,NA,NA,NA,2,2,1,0,0,0,0,0,1,0,0,0,NA,NA,NA,NA,NA,0,"After",2026-07-28,"09:47:00",2026,"Jul",29,"Winter",1785275220,"6 Winter",220.524873221001,1741.06263130931,0.022673179342401,0.0114872375297376,"Sandy",3,6,"3",0,"Control",3,2.95043311416054,0.99089229283161,"Full",56.3617647058824,NA,12.3095098039216,TRUE,"compromised"
"7",6,"7_6","Rotoiti","Stone_pile",54730,-38.0400700989088,176.368333417899,150,"Sandy",2026-07-29 11:24:00,"Sunny",NA,0,0,NA,"1","130.67824847969601","334.10486413213903",100,"Grass",0,0,0,0,0,0,0,100,0,0,0,NA,0,11.7,10.91,100.6,128.5,172.4,5.88,NA,NA,NA,NA,NA,NA,NA,NA,NA,NA,NA,NA,NA,NA,NA,NA,NA,NA,NA,NA,NA,NA,NA,NA,NA,NA,NA,NA,NA,NA,NA,NA,NA,NA,NA,NA,NA,NA,NA,NA,NA,NA,NA,NA,2,10,0,1,0,6,0,0,0,0.5,2.5,0,0.25,0,1.5,0,0,0,102.25,2.25,0,9,0,12.5,0,0,0,409,9,NA,36,NA,50,NA,NA,NA,NA,NA,NA,37,NA,85,NA,NA,NA,409,9,NA,36,NA,8.33333333333333,NA,NA,NA,2,10,NA,1,NA,6,NA,NA,NA,409,9,NA,36,NA,50,NA,NA,NA,4,4,NA,4,NA,4,NA,NA,NA,NA,NA,NA,37,NA,55,NA,NA,NA,NA,NA,NA,37,NA,125,NA,NA,NA,409,9,NA,36,NA,1,NA,NA,NA,409,9,NA,36,NA,22,NA,NA,NA,4,7,1,0,0,1,1,1,0,0,0,0,NA,NA,NA,NA,NA,0,"After",2026-07-28,"11:24:00",2026,"Jul",29,"Winter",1785281040,"6 Winter",130.678248479696,334.104864132139,0.0382619147269706,0.0598614451542075,"Sandy",3,6,"4",1,"Stone_pile",3.20373333333333,2.95043311416054,0.99089229283161,"Full",56.3617647058824,NA,12.3095098039216,TRUE,"complete"
"8",6,"8_6","Rotoiti","Control",54730,-38.0399884269911,176.367640974845,150,"Sandy",2026-07-29 11:22:00,"Sunny",NA,0,0,NA,"1","69.508184012671805","381.61439291613999",30,"Grass",0,0,0,0,0,0,0,100,0,0,0,NA,0,12.6,10.61,99.9,153.1,200.5,5.37,NA,NA,NA,NA,NA,NA,NA,NA,NA,NA,NA,NA,NA,NA,NA,NA,NA,NA,NA,NA,NA,NA,NA,NA,NA,NA,NA,NA,NA,NA,NA,NA,NA,NA,NA,NA,NA,NA,NA,NA,NA,NA,NA,NA,5,5,0,0,0,2,0,0,0,1.25,1.25,0,0,0,0.5,0,0,0,182.75,0,0,0,0,4.75,0,0,0,731,0,NA,NA,NA,19,NA,NA,NA,NA,NA,NA,NA,NA,87.5,NA,NA,NA,187,NA,NA,NA,NA,9.5,NA,NA,NA,5,5,NA,NA,NA,2,NA,NA,NA,731,0,NA,NA,NA,19,NA,NA,NA,4,4,NA,NA,NA,4,NA,NA,NA,NA,NA,NA,NA,NA,55,NA,NA,NA,NA,NA,NA,NA,NA,120,NA,NA,NA,17,NA,NA,NA,NA,2,NA,NA,NA,618,NA,NA,NA,NA,17,NA,NA,NA,3,2,1,0,0,1,1,0,0,0,0,0,NA,NA,NA,NA,NA,0,"After",2026-07-28,"11:22:00",2026,"Jul",29,"Winter",1785280920,"6 Winter",69.5081840126718,381.61439291614,0.0719339754163116,0.0524089247451288,"Sandy",3,6,"4",0,"Control",3,2.95043311416054,0.99089229283161,"Full",56.3617647058824,NA,12.3095098039216,TRUE,"complete"
"9",6,"9_6","Rotoiti","Stone_pile",54730,-38.0149838,176.4133799,150,"Sandy",2026-07-29 09:01:00,"Sunny",NA,0,0,NA,"1","168.339491020125","259.826404337621",0,NA,0,0,0,0,5,0,15,80,0,0,0,NA,3,11.2,10.38,94.6,122.8,166.9,7.79,NA,NA,NA,NA,NA,NA,NA,NA,NA,NA,NA,NA,NA,NA,NA,NA,NA,NA,NA,NA,NA,NA,NA,NA,NA,NA,NA,NA,NA,NA,NA,NA,NA,NA,NA,NA,NA,NA,NA,NA,NA,NA,NA,NA,1,0,1,2,0,6,0,0,0,0.25,0,0.25,0.5,0,1.5,0,0,0,101.25,0,23.25,6.5,0,11,0,0,0,405,NA,93,26,NA,44,NA,NA,NA,NA,NA,160,26.5,NA,90.8333333333333,NA,NA,NA,202.5,NA,93,13,NA,7.33333333333333,NA,NA,NA,1,NA,1,2,NA,6,NA,NA,NA,405,NA,93,26,NA,44,NA,NA,NA,4,NA,4,4,NA,4,NA,NA,NA,NA,NA,160,26,NA,55,NA,NA,NA,NA,NA,160,27,NA,110,NA,NA,NA,2,NA,93,12,NA,1,NA,NA,NA,403,NA,93,14,NA,11,NA,NA,NA,4,9,1,0,1,0,1,1,0,0,0,0,NA,NA,NA,NA,NA,1,"After",2026-07-28,"09:01:00",2026,"Jul",29,"Winter",1785272460,"6 Winter",168.339491020125,259.826404337621,0.029701883792688,0.076974470901009,"Sandy",3.35,6,"5",1,"Stone_pile",3.61389333333333,2.95043311416054,0.99089229283161,"Full",56.3617647058824,NA,12.3095098039216,TRUE,"complete"
"10",6,"10_6","Rotoiti","Control",54730,-38.0149894250948,176.414205051426,150,"Rocky",2026-07-29 09:01:00,"Sunny",NA,0,0,NA,"1","138.622117701376","221.36538172916099",20,"Flax",0,0,0,0,0,50,50,0,0,0,0,NA,0,11.2,10.38,94.6,122.8,166.9,7.79,NA,NA,NA,NA,NA,NA,NA,NA,NA,NA,NA,NA,NA,NA,NA,NA,NA,NA,NA,NA,NA,NA,NA,NA,NA,NA,NA,NA,NA,NA,NA,NA,NA,NA,NA,NA,NA,NA,NA,NA,NA,NA,NA,NA,2,0,0,1,0,20,0,0,0,0.5,0,0,0.25,0,5,0,0,0,136,0,0,4.25,0,52.25,0,0,0,544,NA,NA,17,NA,209,NA,NA,NA,NA,NA,NA,30,NA,96.75,NA,NA,NA,272,NA,NA,17,NA,10.45,NA,NA,NA,2,NA,NA,1,NA,20,NA,NA,NA,544,NA,NA,17,NA,209,NA,NA,NA,4,NA,NA,4,NA,4,NA,NA,NA,NA,NA,NA,30,NA,80,NA,NA,NA,NA,NA,NA,30,NA,150,NA,NA,NA,3,NA,NA,17,NA,4,NA,NA,NA,541,NA,NA,17,NA,47,NA,NA,NA,3,21,1,0,0,0,1,1,0,0,0,0,NA,NA,NA,NA,NA,1,"After",2026-07-28,"09:01:00",2026,"Jul",29,"Winter",1785272460,"6 Winter",138.622117701376,221.365381729161,0.0360692801618509,0.090348363613918,"Rocky",5,6,"5",1,"Control",5,2.95043311416054,0.99089229283161,"Full",56.3617647058824,NA,12.3095098039216,TRUE,"complete"
"11",6,"11_6","Rotoiti","Reference",54730,-38.0276056022708,176.40494378912,150,"Rocky",2026-07-27 10:53:00,"Sunny",4,0,0,NA,"1","38.942244562325001","121.850769016352",0,"0",0,0,0,0,90,0,0,10,0,0,0,NA,0,11.4,10.51,96.2,124.3,168,6.99,NA,NA,NA,NA,NA,NA,NA,NA,NA,NA,NA,NA,NA,NA,NA,NA,NA,NA,NA,NA,NA,NA,NA,NA,NA,NA,NA,NA,NA,NA,NA,NA,NA,NA,NA,NA,NA,NA,NA,NA,NA,NA,NA,NA,0,0,0,4,0,12,0,0,0,0,0,0,1,0,3,0,0,0,141.75,3.5,0,39.5,0,23.5,0,0,0,567,14,NA,158,NA,94,NA,NA,NA,NA,NA,NA,37.25,NA,NA,NA,NA,NA,283.5,14,NA,39.5,NA,47,NA,NA,NA,0,0,NA,4,NA,12,NA,NA,NA,567,14,NA,158,NA,94,NA,NA,NA,4,4,NA,4,NA,4,NA,NA,NA,NA,NA,NA,35,NA,NA,NA,NA,NA,NA,NA,NA,41,NA,NA,NA,NA,NA,14,14,NA,33,NA,10,NA,NA,NA,553,14,NA,54,NA,84,NA,NA,NA,2,16,1,0,0,1,1,1,0,0,0,0,NA,NA,NA,NA,NA,1,"After",2026-07-26,"10:53:00",2026,"Jul",27,"Winter",1785106380,"6 Winter",38.942244562325,121.850769016352,0.128395269871971,0.164135197187931,"Rocky",6.6,6,"6",1,"Reference_1",6.6,2.52489569338961,0.907896597850468,"Full",56.3263157894737,NA,12.3406578947368,TRUE,"complete"
"12",6,"12_6","Rotoiti","Reference",54730,-38.027783,176.4042814,150,"Rocky",2026-07-27 10:53:00,"Sunny",4,0,0,NA,"1","70.918634145760194","162.05012479636801",100,"Native forest",100,0,0,0,20,80,0,0,0,0,0,NA,0,11.4,10.51,96.2,124.3,168,6.99,NA,NA,NA,NA,NA,NA,NA,NA,NA,NA,NA,NA,NA,NA,NA,NA,NA,NA,NA,NA,NA,NA,NA,NA,NA,NA,NA,NA,NA,NA,NA,NA,NA,NA,NA,NA,NA,NA,NA,NA,NA,NA,NA,NA,3,0,0,3,0,23,0,1,0,0.75,0,0,0.75,0,5.75,0,0.25,0,538,31.25,0,20,0,53.25,0,0,0,2152,125,NA,80,NA,213,NA,0,NA,NA,NA,NA,32.3333333333333,NA,NA,NA,140,NA,227.2,125,NA,26.6666666666667,NA,71,NA,NA,NA,3,0,NA,3,NA,23,NA,1,NA,2152,125,NA,80,NA,213,NA,0,NA,4,4,NA,4,NA,4,NA,4,NA,NA,NA,NA,30,NA,NA,NA,140,NA,NA,NA,NA,34,NA,NA,NA,140,NA,30,125,NA,24,NA,26,NA,NA,NA,541,125,NA,31,NA,106,NA,NA,NA,4,27,1,0,0,1,1,1,0,0,1,1,NA,NA,NA,NA,NA,1,"After",2026-07-26,"10:53:00",2026,"Jul",27,"Winter",1785106380,"6 Winter",70.9186341457602,162.050124796368,0.0705033318848671,0.123418602886804,"Rocky",6.2,6,"6",1,"Reference_2",6.2,2.52489569338961,0.907896597850468,"Full",56.3263157894737,NA,12.3406578947368,TRUE,"complete"
"13",6,"13_6","Rotoiti","Reference",54730,-38.0401949,176.3586787,150,"Sandy",2026-07-27 09:35:00,"Sunny",4,0,0,NA,"1","63.335015819361701","218.54441100186699",100,"Native forest",100,0,0,10,0,0,10,80,0,0,0,NA,0,9.7,11.17,98.4,132.2,186.6,7.57,NA,NA,NA,NA,NA,NA,NA,NA,NA,NA,NA,NA,NA,NA,NA,NA,NA,NA,NA,NA,NA,NA,NA,NA,NA,NA,NA,NA,NA,NA,NA,NA,NA,NA,NA,NA,NA,NA,NA,NA,NA,NA,NA,NA,0,1,1,0,0,3,0,0,0,0,0.25,0.25,0,0,0.75,0,0,0,214,4.75,0.5,0,0,7,0,0,0,856,19,2,NA,NA,28,NA,NA,NA,NA,NA,40,NA,NA,91.6666666666667,NA,NA,NA,428,19,2,NA,NA,9.33333333333333,NA,NA,NA,0,1,1,NA,NA,3,NA,NA,NA,856,19,2,NA,NA,28,NA,NA,NA,4,4,4,NA,NA,4,NA,NA,NA,NA,NA,40,NA,NA,60,NA,NA,NA,NA,NA,40,NA,NA,110,NA,NA,NA,315,19,2,NA,NA,1,NA,NA,NA,541,19,2,NA,NA,14,NA,NA,NA,3,4,1,0,1,1,1,0,0,0,0,0,NA,NA,NA,NA,NA,0,"After",2026-07-26,"09:35:00",2026,"Jul",27,"Winter",1785101700,"6 Winter",63.3350158193617,218.544411001867,0.0789452711950138,0.0915145800723732,"Sandy",3.6,6,"7",0,"Reference_1",3.6,2.52489569338961,0.907896597850468,"Full",56.3263157894737,NA,12.3406578947368,TRUE,"complete"
"14",6,"14_6","Rotoiti","Reference",54730,-38.0398114,176.3581623,150,"Sandy",2026-07-27 09:35:00,"Sunny",4,0,0,NA,"1","59.880478669367001","183.12960987940701",100,"Native forest",100,0,0,10,0,0,0,90,0,0,0,NA,0,9.7,11.17,98.4,132.2,186.6,7.57,NA,NA,NA,NA,NA,NA,NA,NA,NA,NA,NA,NA,NA,NA,NA,NA,NA,NA,NA,NA,NA,NA,NA,NA,NA,NA,NA,NA,NA,NA,NA,NA,NA,NA,NA,NA,NA,NA,NA,NA,NA,NA,NA,NA,9,20,1,1,0,1,0,0,0,2.25,5,0.25,0.25,0,0.25,0,0,0,137.25,3.75,0.25,4.75,0,0.25,0,0,0,549,15,1,19,NA,1,NA,NA,NA,NA,NA,4,28,NA,50,NA,NA,NA,142,15,1,19,NA,1,NA,NA,NA,9,20,1,1,NA,1,NA,NA,NA,549,15,1,19,NA,1,NA,NA,NA,4,4,4,4,NA,4,NA,NA,NA,NA,NA,4,28,NA,50,NA,NA,NA,NA,NA,4,28,NA,50,NA,NA,NA,19,15,1,19,NA,1,NA,NA,NA,413,15,1,19,NA,1,NA,NA,NA,5,3,1,0,1,1,1,1,0,0,0,0,NA,NA,NA,NA,NA,0,"After",2026-07-26,"09:35:00",2026,"Jul",27,"Winter",1785101700,"6 Winter",59.880478669367,183.129609879407,0.083499666520833,0.109212267820426,"Sandy",3.5,6,"7",1,"Reference_2",3.5,2.52489569338961,0.907896597850468,"Full",56.3263157894737,NA,12.3406578947368,TRUE,"complete"
"15",6,"15_6","Rotoiti","Reference",54730,-38.0354320054637,176.345087343881,150,"Rocky",2026-07-27 09:18:00,"Sunny",4,0,0,NA,"1","57.9411293181277","639.03395274642901",100,"Native forest",100,0,0,50,0,0,0,20,0,30,1,"Hornwort",6,10.5,10.9,97.6,122.2,169.2,8.98,NA,NA,NA,NA,NA,NA,NA,NA,NA,NA,NA,NA,NA,NA,NA,NA,NA,NA,NA,NA,NA,NA,NA,NA,NA,NA,NA,NA,NA,NA,NA,NA,NA,NA,NA,NA,NA,NA,NA,NA,NA,NA,NA,NA,4,0,2,0,0,5,0,0,0,1,0,0.5,0,0,1.25,0,0,0,48,16,0,0,0,4,0,0,0,192,64,0,NA,NA,16,NA,NA,NA,NA,NA,NA,NA,NA,65.6,NA,NA,NA,96,64,NA,NA,NA,3.2,NA,NA,NA,4,0,2,NA,NA,5,NA,NA,NA,192,64,0,NA,NA,16,NA,NA,NA,4,4,4,NA,NA,4,NA,NA,NA,NA,NA,NA,NA,NA,54,NA,NA,NA,NA,NA,NA,NA,NA,85,NA,NA,NA,8,64,NA,NA,NA,1,NA,NA,NA,184,64,NA,NA,NA,5,NA,NA,NA,3,7,1,0,1,1,1,0,0,0,0,0,NA,NA,NA,NA,NA,0,"After",2026-07-26,"09:18:00",2026,"Jul",27,"Winter",1785100680,"6 Winter",57.9411293181277,639.033952746429,0.0862944864700053,0.0312972415848084,"Rocky",5.2,6,"8",0,"Reference_1",5.2,2.52489569338961,0.907896597850468,"Full",56.3263157894737,NA,12.3406578947368,TRUE,"complete"
"16",6,"16_6","Rotoiti","Reference",54730,-38.035946522854,176.345727107707,150,"Rocky",2026-07-27 09:24:00,"Sunny",4,0,0,NA,"1","27.586278169075001","565.61863728637502",100,"Native forest",100,0,0,50,0,0,0,20,0,30,0,NA,2,10.4,10.78,96.6,122,169,8.38,NA,NA,NA,NA,NA,NA,NA,NA,NA,NA,NA,NA,NA,NA,NA,NA,NA,NA,NA,NA,NA,NA,NA,NA,NA,NA,NA,NA,NA,NA,NA,NA,NA,NA,NA,NA,NA,NA,NA,NA,NA,NA,NA,NA,1,0,2,0,0,3,0,0,0,0.25,0,0.5,0,0,0.75,0,0,0,26,5.5,2.75,0,0,5.25,0,0,0,104,22,11,NA,NA,21,NA,NA,NA,NA,NA,57.5,NA,NA,90,NA,NA,NA,104,22,5.5,NA,NA,7,NA,NA,NA,1,0,2,NA,NA,3,NA,NA,NA,104,22,11,NA,NA,21,NA,NA,NA,4,4,4,NA,NA,4,NA,NA,NA,NA,NA,45,NA,NA,80,NA,NA,NA,NA,NA,70,NA,NA,100,NA,NA,NA,104,22,3,NA,NA,5,NA,NA,NA,104,22,8,NA,NA,10,NA,NA,NA,3,5,1,0,1,1,1,0,0,0,0,0,2,0,0,1,2,0,"After",2026-07-26,"09:24:00",2026,"Jul",27,"Winter",1785101040,"6 Winter",27.586278169075,565.618637286375,0.181249531718459,0.0353595137811449,"Rocky",5.2,6,"8",0,"Reference_2",5.2,2.52489569338961,0.907896597850468,"Full",56.3263157894737,NA,12.3406578947368,TRUE,"complete"
"17",6,"17_6","Rotoiti","Reference",54730,-38.0174132,176.3755268,150,"Rocky",2026-07-27 10:05:00,"Sunny",4,0,0,NA,"1","13.9155980353024","411.55710413086803",100,"Native forest",100,0,0,0,50,0,0,50,0,0,0,NA,30,11.1,10.33,93.9,122.7,167.1,6.88,NA,NA,NA,NA,NA,NA,NA,NA,NA,NA,NA,NA,NA,NA,NA,NA,NA,NA,NA,NA,NA,NA,NA,NA,NA,NA,NA,NA,NA,NA,NA,NA,NA,NA,NA,NA,NA,NA,NA,NA,NA,NA,NA,NA,2,10,6,14,0,7,0,0,0,0.5,2.5,1.5,3.5,0,1.75,0,0,0,81.5,2.5,99.5,68.25,0,23.75,0,0,0,326,10,398,273,NA,95,NA,NA,NA,NA,NA,122.833333333333,28.825,NA,104.285714285714,NA,NA,NA,163,10,66.3333333333333,22.275,NA,13.5714285714286,NA,NA,NA,2,10,6,14,NA,7,NA,NA,NA,326,10,398,273,NA,95,NA,NA,NA,4,4,4,4,NA,4,NA,NA,NA,NA,NA,32,13,NA,90,NA,NA,NA,NA,NA,175,35,NA,150,NA,NA,NA,22,10,12,1,NA,7,NA,NA,NA,304,10,121,35,NA,40,NA,NA,NA,5,27,1,0,1,1,1,1,0,0,0,0,NA,NA,NA,NA,NA,1,"After",2026-07-26,"10:05:00",2026,"Jul",27,"Winter",1785103500,"6 Winter",13.9155980353024,411.557104130868,0.359309027705136,0.0485959294573138,"Rocky",5,6,"9",1,"Reference_1",5,2.52489569338961,0.907896597850468,"Full",56.3263157894737,NA,12.3406578947368,TRUE,"complete"
"18",6,"18_6","Rotoiti","Reference",54730,-38.0172588,176.3757789,150,"Rocky",2026-07-27 10:05:00,"Sunny",4,0,0,NA,"1","10.2582815366794","393.99543134125298",100,"Native forest",100,0,0,0,80,0,0,20,0,0,0,NA,7,11.1,10.33,93.9,122.7,167.1,6.88,NA,NA,NA,NA,NA,NA,NA,NA,NA,NA,NA,NA,NA,NA,NA,NA,NA,NA,NA,NA,NA,NA,NA,NA,NA,NA,NA,NA,NA,NA,NA,NA,NA,NA,NA,NA,NA,NA,NA,NA,NA,NA,NA,NA,4,1,0,1,1,0,0,0,0,1,0.25,0,0.25,0.25,0,0,0,0,18.5,0,0,8.75,0,0,0,0,0,74,0,NA,35,0,NA,NA,NA,NA,NA,NA,NA,33,500,NA,NA,NA,NA,37,NA,NA,35,NA,NA,NA,NA,NA,4,1,NA,1,1,NA,NA,NA,NA,74,0,NA,35,0,NA,NA,NA,NA,4,4,NA,4,4,NA,NA,NA,NA,NA,NA,NA,33,500,NA,NA,NA,NA,NA,NA,NA,33,500,NA,NA,NA,NA,10,NA,NA,35,NA,NA,NA,NA,NA,64,NA,NA,35,NA,NA,NA,NA,NA,4,2,1,1,0,1,0,1,0,0,0,1,NA,NA,NA,NA,NA,1,"After",2026-07-26,"10:05:00",2026,"Jul",27,"Winter",1785103500,"6 Winter",10.2582815366794,393.995431341253,0.487411071934617,0.0507620099347734,"Rocky",6.2,6,"9",1,"Reference_2",6.2,2.52489569338961,0.907896597850468,"Full",56.3263157894737,NA,12.3406578947368,TRUE,"complete"
"19",6,"19_6","Rotoiti","Reference",54730,-38.01677,176.421,150,"Rocky",2026-07-27 10:27:00,"Sunny",4,0,0,NA,"1","142.69564315661299","187.90193049333001",100,"Native forest",100,0,0,0,0,90,0,10,0,0,1,"Hornwort",4,11.1,10.72,97.4,116,158.1,7.04,NA,NA,NA,NA,NA,NA,NA,NA,NA,NA,NA,NA,NA,NA,NA,NA,NA,NA,NA,NA,NA,NA,NA,NA,NA,NA,NA,NA,NA,NA,NA,NA,NA,NA,NA,NA,NA,NA,NA,NA,NA,NA,NA,NA,0,0,0,27,0,22,0,0,0,0,0,0,6.75,0,5.5,0,0,0,131.25,11.75,0,104.5,0,62.75,0,0,0,525,47,NA,418,NA,251,NA,NA,NA,NA,NA,NA,28.3958333333333,NA,97.7272727272727,NA,NA,NA,132.5,23.5,NA,20.2291666666667,NA,11.4090909090909,NA,NA,NA,0,0,NA,27,NA,22,NA,NA,NA,525,47,NA,418,NA,251,NA,NA,NA,4,4,NA,4,NA,4,NA,NA,NA,NA,NA,NA,15,NA,10,NA,NA,NA,NA,NA,NA,36,NA,150,NA,NA,NA,5,12,NA,3,NA,5,NA,NA,NA,393,35,NA,34,NA,30,NA,NA,NA,2,49,1,0,0,1,1,1,0,0,0,0,NA,NA,NA,NA,NA,1,"After",2026-07-26,"10:27:00",2026,"Jul",27,"Winter",1785104820,"6 Winter",142.695643156613,187.90193049333,0.0350396122081481,0.106438501975422,"Rocky",5.7,6,"10",1,"Reference_1",5.7,2.52489569338961,0.907896597850468,"Full",56.3263157894737,NA,12.3406578947368,TRUE,"complete"
"20",6,"20_6","Rotoiti","Reference",54730,-38.0170202210521,176.420489675691,150,"Rocky",2026-07-27 10:27:00,"Sunny",4,0,0,NA,"1","112.65205053481201","153.52894194799001",100,"Native forest",100,0,0,0,0,90,0,10,0,0,1,"Hornwort",0,11.1,10.69,97.2,116.6,158.8,7.04,NA,NA,NA,NA,NA,NA,NA,NA,NA,NA,NA,NA,NA,NA,NA,NA,NA,NA,NA,NA,NA,NA,NA,NA,NA,NA,NA,NA,NA,NA,NA,NA,NA,NA,NA,NA,NA,NA,NA,NA,NA,NA,NA,NA,0,0,0,28,0,51,0,0,0,0,0,0,7,0,12.75,0,0,0,48.5,10,0,134.25,0,135,0,0,0,194,40,NA,537,NA,540,NA,NA,NA,185,NA,NA,29.5906432748538,NA,99,NA,NA,NA,97,40,NA,20.9736842105263,NA,28.4210526315789,NA,NA,NA,0,0,NA,28,NA,51,NA,NA,NA,194,40,NA,537,NA,540,NA,NA,NA,4,4,NA,4,NA,4,NA,NA,NA,185,NA,NA,18,NA,85,NA,NA,NA,185,NA,NA,39,NA,180,NA,NA,NA,39,40,NA,5,NA,4,NA,NA,NA,155,40,NA,42,NA,134,NA,NA,NA,2,79,1,0,0,1,1,1,0,0,0,0,NA,NA,NA,NA,NA,1,"After",2026-07-26,"10:27:00",2026,"Jul",27,"Winter",1785104820,"6 Winter",112.652050534812,153.52894194799,0.0443844561751221,0.130268597869809,"Rocky",5.7,6,"10",1,"Reference_2",5.7,2.52489569338961,0.907896597850468,"Full",56.3263157894737,NA,12.3406578947368,TRUE,"complete"
